Name;Name Short;Type;Type2;Pool;Pool2;Tier;Attack;Health;Text;Attack Golden;Health Golden;Text Golden;Token;Battlecry;Deathrattle;Taunt;Divine Shield;Windfury;Venomous;Reborn;Avenge;Magnetic;Spellcraft;Blizzard ID;Summon ID;Picture Link;Artist;Flavor;Active;Duos only
Annoy-o-Tron;Tron;Mech;;Mech;;1;1;2;Taunt Divine Shield;2;4;Taunt Divine Shield;;;;1;1;;;;;;;BG_GVG_085;;https://art.hearthstonejson.com/v1/bgs/latest/enUS/512x/BG_GVG_085.png;Matt Dixon;The inventor of the Annoy-o-Tron was immediately expelled from Tinkerschool, Tinkertown, and was eventually exiled from the Eastern Kingdoms altogether.;1;
Bubble Gunner;Gunner;Murloc;;Murloc;;1;2;3;Battlecry: Gain a random Bonus Keyword.;4;6;Battlecry: Gain 2 random Bonus Keywords.;;1;;;;;;;;;;BG31_149;;https://art.hearthstonejson.com/v1/bgs/latest/enUS/512x/BG31_149.png;;;1;
Buzzing Vermin;Vermin;Beast;;Beast;;1;1;1;Taunt Deathrattle: Summon a 2/2 Beetle.;2;2;Taunt Deathrattle: Summon two 2/2 Beetles.;;;1;1;;;;;;;;BG31_803;;https://art.hearthstonejson.com/v1/bgs/latest/enUS/512x/BG31_803.png;;;1;
Deep-Sea Angler;Angler;Naga;;Naga;;1;2;2;Spellcraft: Give a minion +2 Health and Taunt until next turn.;4;4;Spellcraft: Give a minion +4 Health and Taunt until next turn.;;;;;;;;;;;1;BG23_004;;https://art.hearthstonejson.com/v1/bgs/latest/enUS/512x/BG23_004.png;;;1;
Dune Dweller;Dweller;Elemental;;Elemental;;1;3;2;Battlecry: Elementals in the Tavern have +1/+1 this game.;6;4;Battlecry: Elementals in the Tavern have +2/+2 this game.;;;;;;;;;;;;BG31_815;;https://art.hearthstonejson.com/v1/bgs/latest/enUS/512x/BG31_815.png;;;1;
Harmless Bonehead;Bonehead;Undead;;Undead;;1;1;1;Deathrattle: Summon two 1/1 Skeletons.;2;2;Deathrattle: Summon two 2/2 Skeletons.;;;1;;;;;;;;;BG28_300;BG_ICC_026t;https://art.hearthstonejson.com/v1/bgs/latest/enUS/512x/BG28_300.png;;;1;
Lullabot;Lulla;Mech;;Mech;;1;2;2;Magnetic At the end of your turn, gain +1 Health.;4;4;Magnetic At the end of your turn, gain +2 Health.;;;;;;;;;;1;;BG26_146;;https://art.hearthstonejson.com/v1/bgs/latest/enUS/512x/BG26_146.png;Grafit;;1;
Manasaber;Saber;Beast;;Beast;;1;4;1;Deathrattle: Summon two 0/1 Cublings with Taunt.;8;2;Deathrattle: Summon two 0/2 Cublings with Taunt.;;;1;;;;;;;;;BG26_800;BG26_800t;https://art.hearthstonejson.com/v1/bgs/latest/enUS/512x/BG26_800.png;Jakub Kasper;;1;
Misfit Dragonling;Misfit;Dragon;;Dragon;;1;2;1;Start of Combat: Gain stats equal to your Tier.;4;2;Start of Combat: Gain stats equal to your Tier.;;;;;;;;;;;;BG29_814;;https://art.hearthstonejson.com/v1/bgs/latest/enUS/512x/BG29_814.png;;;1;
Molten Rock;Rock;Elemental;;Elemental;;1;3;3;Taunt. After you play an Elemental, gain +1 Health.;6;6;Taunt. After you play an Elemental, gain +2 Health.;;;;1;;;;;;;;BGS_127;;https://art.hearthstonejson.com/v1/bgs/latest/enUS/512x/BGS_127.png;;;1;
Ominous Seer;Seer;Demon;;Demon;;1;2;1;Battlecry: The next Tavern spell you buy costs (1) less.;4;2;Battlecry: The next Tavern spell you buy costs (2) less.;;1;;;;;;;;;;BG31_330;;https://art.hearthstonejson.com/v1/bgs/latest/enUS/512x/BG31_330.png;;;1;
Passenger;Passenger;;;All;;1;2;2;The first time your team Passes each turn, gain +1/+2.;4;4;The first time your team Passes each turn, gain +2/+4.;;;;;;;;;;;;BGDUO_114;;https://art.hearthstonejson.com/v1/bgs/latest/enUS/512x/BGDUO_114.png;;;1;1
Picky Eater;Eater;Demon;;Demon;;1;1;1;Battlecry: Consume a random minion in the Tavern to gain its stats.;2;2;Battlecry: Consume a random minion in the Tavern to gain double its stats.;;1;;;;;;;;;;BG24_009;;https://art.hearthstonejson.com/v1/bgs/latest/enUS/512x/BG24_009.png;;;1;
Razorfen Geomancer;Razorfen Geomancer;Quilboar;;Quilboar;;1;3;1;Battlecry: Gain a Blood Gem.;6;2;Battlecry: Gain 2 Blood Gems.;;1;;;;;;;;;;BG20_100;;https://art.hearthstonejson.com/v1/bgs/latest/enUS/512x/BG20_100.png;;;1;
Risen Rider;Rider;Undead;;Undead;;1;2;1;Taunt Reborn;4;2;Taunt Reborn;;;;1;;;;1;;;;BG25_001;;https://art.hearthstonejson.com/v1/bgs/latest/enUS/512x/BG25_001.png;;;1;
Scallywag;Scally;Pirate;;Pirate;;1;3;1;Deathrattle: Summon a 1/1 Pirate. It attacks immediately.;6;2;Deathrattle: Summon a 2/2 Pirate. It attacks immediately.;;;1;;;;;;;;;BGS_061;BGS_061t;https://art.hearthstonejson.com/v1/bgs/latest/enUS/512x/BGS_061.png;;;1;
Southsea Busker;Busker;Pirate;;Pirate;;1;3;1;Battlecry: Gain 1 Gold next turn.;6;2;Battlecry: Gain 2 Gold next turn.;;1;;;;;;;;;;BG26_135;;https://art.hearthstonejson.com/v1/bgs/latest/enUS/512x/BG26_135.png;BOSi Studio;;1;
Sun-Bacon Relaxer;SBR;Quilboar;;Quilboar;;1;2;3;When you sell this, get 2 Blood Gems.;4;6;When you sell this, get 4 Blood Gems.;;;;;;;;;;;;BG20_301;;https://art.hearthstonejson.com/v1/bgs/latest/enUS/512x/BG20_301.png;;;1;
Swampstriker;Striker;Murloc;;Murloc;;1;1;5;Windfury After you summon a Murloc, gain +1 Attack.;2;10;Windfury After you summon a Murloc, gain +2 Attack.;;;;;;1;;;;;;BG22_401;;https://art.hearthstonejson.com/v1/bgs/latest/enUS/512x/BG22_401.png;;;1;
Upbeat Frontdrake;Frontdrake;Dragon;;Dragon;;1;1;1;At the end of every 3 turns, get another random Dragon. (3 turns left!);2;2;At the end of every 3 turns, get 2 other random Dragons. (3 turns left!);;;;;;;;;;;;BG26_529;;https://art.hearthstonejson.com/v1/bgs/latest/enUS/512x/BG26_529.png;Ramzy Kamen;;1;
Wrath Weaver;Weaver;;;Demon;;1;1;4;After you play a Demon, deal 1 damage to your hero and gain +2/+1.;2;8;After you play a Demon, deal 1 damage to your hero and gain +2/+1, twice.;;;;;;;;;;;;BGS_004;;https://art.hearthstonejson.com/v1/bgs/latest/enUS/512x/BGS_004.png;;;1;
Ancestral Automaton;Automaton;Mech;;Mech;;2;2;4;Has +2/+2 for each other Ancestral Automaton you've summoned this game (wherever this is).;4;8;Has +4/+4 for each other Ancestral Automaton you've summoned this game (wherever this is).;;;;;;;;;;;;BG_TTN_401;;https://art.hearthstonejson.com/v1/bgs/latest/enUS/512x/BG_TTN_401.png;;;1;
Crater Miner;Miner;Quilboar;;Quilboar;;2;2;2;"Choose One - Get 2 Blood Gems; or Get a random 1-Cost Tavern spell.";4;4;"Choose One - Get 4 Blood Gems; or Get 2 random 1-Cost Tavern spells.";;;;;;;;;;;;BG31_320;;https://art.hearthstonejson.com/v1/bgs/latest/enUS/512x/BG31_320.png;;;1;
Defiant Shipwright;Shipwright;Pirate;;Pirate;;2;2;5;Whenever this gains Attack, gain +1 Health permanently.;4;10;Whenever this gains Attack, gain +2 Health permanently.;;;;;;;;;;;;BG21_018;;https://art.hearthstonejson.com/v1/bgs/latest/enUS/512x/BG21_018.png;;;1;
Electric Synthesizer;Synthesizer;Dragon;;Dragon;;2;2;3;Battlecry and Start of Combat: Give your other Dragons +1/+1.;4;6;Battlecry and Start of Combat: Give your other Dragons +2/+2.;;1;;;;;;;;;;BG26_963;;https://art.hearthstonejson.com/v1/bgs/latest/enUS/512x/BG26_963.png;;;1;
Eternal Knight;Knight;Undead;;Undead;;2;5;1;Has +1/+1 for each friendly Eternal Knight that died this game (wherever this is).;10;2;Has +2/+2 for each friendly Eternal Knight that died this game (wherever this is).;;;;;;;;;;;;BG25_008;;https://art.hearthstonejson.com/v1/bgs/latest/enUS/512x/BG25_008.png;;;1;
Fire Baller;Fire;Elemental;;Elemental;;2;4;3;When you sell this, give your minions +1 Attack. Improve your future Ballers.;8;6;When you sell this, give your minions +2 Attack. Improve your future Ballers.;;;;;;;;;;;;BG31_816;;https://art.hearthstonejson.com/v1/bgs/latest/enUS/512x/BG31_816.png;;;1;
Forest Rover;Rover;Beast;;Beast;;2;3;2;Battlecry: Your Beetles have +1/+1 this game. 
Deathrattle: Summon a 2/2 Beetle.;6;4;Battlecry: Your Beetles have +4/+2 this game. 
Deathrattle: Summon two 2/2 Beetles.;;1;1;;;;;;;;;BG31_801;;https://art.hearthstonejson.com/v1/bgs/latest/enUS/512x/BG31_801.png;;;1;
Frantic Alarm-o-Bot;Alarm-o-Bot;Mech;;Mech;;2;4;4;Magnetic Windfury;8;8;Magnetic Windfury;;;;;;;;;;1;;BG31_170;;https://art.hearthstonejson.com/v1/bgs/latest/enUS/512x/BG31_170.png;;;1;
Freedealing Gambler;Gambler;Pirate;;Pirate;;2;3;3;This minion sells for 3 Gold.;6;6;This minion sells for 6 Gold.;;;;;;;;;;;;BGS_049;;https://art.hearthstonejson.com/v1/bgs/latest/enUS/512x/BGS_049.png;;;1;
Friendly Saloonkeeper;Saloonkeeper;;;All;;2;3;4;Battlecry: Your teammate gets a Gold Coin.;6;8;Battlecry: Your teammate gets 2 Gold Coins.;;1;;;;;;;;;;BGDUO_104;;https://art.hearthstonejson.com/v1/bgs/latest/enUS/512x/BGDUO_104.png;;;1;1
Gathering Stormer;Stormer;Elemental;;Elemental;;2;5;1;When you sell this, your teammate gains 1 Gold. (Upgrades each turn!);10;2;When you sell this, your teammate gains 1 Gold. (Upgrades each turn!);;;;;;;;;;;;BGDUO31_201;;https://art.hearthstonejson.com/v1/bgs/latest/enUS/512x/BGDUO31_201.png;;;1;1
Generous Geomancer;Geomancer;Quilboar;;Quilboar;;2;1;1;Deathrattle: You and your teammate each get a Blood Gem.;2;2;Deathrattle: You and your teammate each get 2 Blood Gems.;;;1;;;;;;;;;BGDUO_111;;https://art.hearthstonejson.com/v1/bgs/latest/enUS/512x/BGDUO_111.png;;;1;1
Humming Bird;Bird;Beast;;Beast;;2;1;4;Start of Combat: For the rest of this combat, your Beasts have +1 Attack.;2;8;Start of Combat: For the rest of this combat, your Beasts have +2 Attack.;;;;;;;;;;;;BG26_805;;https://art.hearthstonejson.com/v1/bgs/latest/enUS/512x/BG26_805.png;Gabriel Lopes;;1;
Hungry Snapjaw;Snapjaw;Beast;;Beast;;2;5;2;After you summon a Beast, gain +1 Health permanently.;10;4;After you summon a Beast, gain +2 Health permanently.;;;;;;;;;;;;BG26_370;;https://art.hearthstonejson.com/v1/bgs/latest/enUS/512x/BG26_370.png;;;1;
Impulsive Trickster;Trickster;Demon;;Demon;;2;3;3;Deathrattle: Give this minion's maximum Health to another friendly minion.;6;6;Deathrattle: Give this minion's maximum Health to another friendly minion twice.;;;1;;;;;;;;;BG21_006;;https://art.hearthstonejson.com/v1/bgs/latest/enUS/512x/BG21_006.png;;;1;
Lava Lurker;Lurker;Naga;;Naga;;2;2;5;The first Spellcraft enchantment on this each turn is permanent.;4;10;The first two Spellcraft enchantments on this each turn are permanent.;;;;;;;;;;;;BG23_009;;https://art.hearthstonejson.com/v1/bgs/latest/enUS/512x/BG23_009.png;;;1;
Low-Flier;Flier;Dragon;;Dragon;;2;3;2;At the end of your turn, give +1 Attack to all your minions with less Attack than this.;6;4;At the end of your turn, give +2 Attack to all your minions with less Attack than this.;;;;;;;;;;;;BG26_969;;https://art.hearthstonejson.com/v1/bgs/latest/enUS/512x/BG26_969.png;Hideaki Takamura;;1;
Mechagnome Interpreter;Interpreter;Mech;;Mech;;2;2;3;Whenever you play a Magnetic minion, give it +2/+3.;4;6;Whenever you play a Magnetic minion, give it +4/+6.;;;;;;;;;;;;BG31_177;;https://art.hearthstonejson.com/v1/bgs/latest/enUS/512x/BG31_177.png;;;1;
Mind Muck;Muck;Demon;;Demon;;2;3;2;Battlecry: Choose a friendly Demon. It consumes a minion in the Tavern to gain its stats.;6;4;Battlecry: Choose a friendly Demon. It consumes a minion in the Tavern to gain double its stats.;;1;;;;;;;;;;BG23_357;;https://art.hearthstonejson.com/v1/bgs/latest/enUS/512x/BG23_357.png;;;1;
Nerubian Deathswarmer;Deathswarmer;Undead;;Undead;;2;1;4;Battlecry: Give your Undead +1 Attack for the rest of the game (wherever they are).;2;8;Battlecry: Give your Undead +2 Attack for the rest of the game (wherever they are).;;1;;;;;;;;;;BG25_011;;https://art.hearthstonejson.com/v1/bgs/latest/enUS/512x/BG25_011.png;;;1;
Oozeling Gladiator;Oozeling;;;All;;2;2;2;Battlecry: Get two Slimy Shields that give +1/+1 and Taunt.;4;4;Battlecry: Get four Slimy Shields that give +1/+1 and Taunt.;;1;;;;;;;;;;BG27_002;;https://art.hearthstonejson.com/v1/bgs/latest/enUS/512x/BG27_002.png;;;1;
Parched Wanderer;Wanderer;Murloc;;Murloc;;2;2;2;Battlecry: Give a Murloc +2/+3 and Taunt.;4;4;Battlecry: Give a Murloc +4/+6 and Taunt.;;1;;;;;;;;;;BG30_756;;https://art.hearthstonejson.com/v1/bgs/latest/enUS/512x/BG30_756.png;;;1;
Patient Scout;Scout;;;All;;2;1;1;When you sell this, Discover a Tier 1 minion. (Upgrades each turn!);2;2;When you sell this, Discover two Tier 1 minion. (Upgrades each turn!);;;;;;;;;;;;BG24_715;;https://art.hearthstonejson.com/v1/bgs/latest/enUS/512x/BG24_715.png;;;1;
Prophet of the Boar;Prophet;;;Quilboar;;2;2;3;Taunt. After you play a Quilboar, get a Blood Gem.;4;6;Taunt. After you play a Quilboar, get 2 Blood Gems.;;;;1;;;;;;;;BG20_203;;https://art.hearthstonejson.com/v1/bgs/latest/enUS/512x/BG20_203.png;;;1;
Ripsnarl Captain;Ripsnarl;Pirate;;Pirate;;2;2;4;Whenever a friendly Pirate attacks, give it +3 Attack.;4;8;Whenever a friendly Pirate attacks, give it +6 Attack.;;;;;;;;;;;;BGS_056;;https://art.hearthstonejson.com/v1/bgs/latest/enUS/512x/BGS_056.png;;;1;
Scarlet Skull;Skull;Undead;;Undead;;2;2;1;Reborn Deathrattle: Give a friendly Undead +1/+2.;4;2;Reborn Deathrattle: Give a friendly Undead +2/+4.;;;1;;;;;1;;;;BG25_022;;https://art.hearthstonejson.com/v1/bgs/latest/enUS/512x/BG25_022.png;;;1;
Selfless Hero;Selfless;;;All;;2;2;1;Deathrattle: Give a random friendly minion Divine Shield.;4;2;Deathrattle: Give 2 random friendly minions Divine Shield.;;;1;;;;;;;;;OG_221;;https://art.hearthstonejson.com/v1/bgs/latest/enUS/512x/OG_221.png;Rafael Zanchetin;"Don't worry about me… I'll just be here... under these tentacles.";1;
Sellemental;Selly;Elemental;;Elemental;;2;3;3;When you sell this, get a 3/3 Elemental.;6;6;When you sell this, get two 3/3 Elementals.;;;;;;;;;;;;BGS_115;BGS_115t;https://art.hearthstonejson.com/v1/bgs/latest/enUS/512x/BGS_115.png;;;1;
Shell Collector;Collector;Naga;;Naga;;2;4;3;Battlecry: Get a Gold Coin.;8;6;Battlecry: Get 2 Gold Coins.;;1;;;;;;;;;;BG23_002;;https://art.hearthstonejson.com/v1/bgs/latest/enUS/512x/BG23_002.png;;;1;
Snow Baller;Snow;Elemental;;Elemental;;2;3;4;When you sell this, give your minions +1 Health. Improve your future Ballers.;6;8;When you sell this, give your minions +2 Health. Improve your future Ballers.;;;;;;;;;;;;BG31_818;;https://art.hearthstonejson.com/v1/bgs/latest/enUS/512x/BG31_818.png;;;1;
Soul Rewinder;Rewinder;Demon;;Demon;;2;4;1;After your hero takes damage, rewind it and give this +1 Health.;8;2;After your hero takes damage, rewind it and give this +2 Health.;;;;;;;;;;;;BG26_174;;https://art.hearthstonejson.com/v1/bgs/latest/enUS/512x/BG26_174.png;Sergey Tsvelykh;;1;
Tad;Tad;Murloc;;Murloc;;2;2;2;When you sell this, add another random Murloc to your hand.;4;4;When you sell this, add 2 other random Murlocs to your hand.;;;;;;;;;;;;BG22_202;;https://art.hearthstonejson.com/v1/bgs/latest/enUS/512x/BG22_202.png;;;1;
Thaumaturgist;Thauma;Naga;;Naga;;2;2;2;Spellcraft: Give a minion +1/+1 until next turn. (Improved by every 4 spells you've cast this game!);4;4;Spellcraft: Give a minion +2/+2 until next turn. (Improved by every 4 spells you've cast this game!);;;;;;;;;;;1;BG31_924;;https://art.hearthstonejson.com/v1/bgs/latest/enUS/512x/BG31_924.png;;;1;
Tough Tusk;Tusk;Quilboar;;Quilboar;;2;5;3;After a Blood Gem is played on this, gain Divine Shield until next turn.;10;6;After a Blood Gem is played on this, gain Divine Shield.;;;;;;;;;;;;BG20_102;;https://art.hearthstonejson.com/v1/bgs/latest/enUS/512x/BG20_102.png;;;1;
Wanderer Cho;Cho;;;All;;2;4;3;1 Pass each turn is free. (1 left!);8;6;2 Passes each turn are free. (2 left!);;;;;;;;;;;;BGDUO_100;;https://art.hearthstonejson.com/v1/bgs/latest/enUS/512x/BGDUO_100.png;;;1;1
Whelp Smuggler;Smuggler;;;Dragon;;2;2;5;After a friendly Dragon gains Attack, give it +1 Health.;4;10;After a friendly Dragon gains Attack, give it +2 Health.;;;;;;;;;;;;BG21_013;;https://art.hearthstonejson.com/v1/bgs/latest/enUS/512x/BG21_013.png;;;1;
Zesty Shaker;Shaker;Naga;;Naga;;2;3;4;Once per turn, when a Spellcraft spell is played on this, get a new copy of it.;6;8;Once per turn, when a Spellcraft spell is played on this, get 2 new copies of it.;;;;;;;;;;;;BG26_505;;https://art.hearthstonejson.com/v1/bgs/latest/enUS/512x/BG26_505.png;;;1;
Accord-o-Tron;Accord;Mech;;Mech;;3;3;3;Magnetic. At the start of your turn, gain 1 extra Gold.;6;6;Magnetic. At the start of your turn, gain 2 extra Gold.;;;;;;;;;;1;;BG26_147;;https://art.hearthstonejson.com/v1/bgs/latest/enUS/512x/BG26_147.png;;;1;
Adaptive Ancestor;Ancestor;Murloc;;Murloc;;3;2;2;"Choose One - Gain +3 Attack and Divine Shield; or +3 Health and Venomous.";4;4;"Choose One - Gain +6 Attack and Divine Shield; or +6 Health and Venomous.";;;;;;;;;;;;BG31_144;;https://art.hearthstonejson.com/v1/bgs/latest/enUS/512x/BG31_144.png;;;1;
Amber Guardian;Guardian;Dragon;;Dragon;;3;3;2;Start of Combat: Give another friendly Dragon +2/+2 and Divine Shield.;6;4;Start of Combat: Give two other friendly Dragons +4/+4 and Divine Shield.;;;;;;;;;;;;BG24_500;;https://art.hearthstonejson.com/v1/bgs/latest/enUS/512x/BG24_500.png;;;1;
Annoy-o-Module;Module;Mech;;Mech;;3;2;4;Magnetic Divine Shield Taunt;4;8;Magnetic Divine Shield Taunt;;;;1;1;;;;;1;;BOT_911;;https://art.hearthstonejson.com/v1/bgs/latest/enUS/512x/BOT_911.png;Matt Dixon;Every ten seconds it asks if you want to update.;1;
Anub'arak, Nerubian King;Anub;Undead;;Undead;;3;3;2;Deathrattle: Your Undead have +1 Attack for the rest of the game (wherever they are).;6;4;Deathrattle: Your Undead have +2 Attack for the rest of the game (wherever they are).;;;1;;;;;;;;;BG25_007;;https://art.hearthstonejson.com/v1/bgs/latest/enUS/512x/BG25_007.png;;;1;
Arcanotron, Activated;Arcanotron;Mech;;Mech;;3;4;1;Taunt Whenever you cast a Tavern spell, give a friendly Mech +3/+2.;8;2;Taunt Whenever you cast a Tavern spell, give a friendly Mech +6/+4.;;;;1;;;;;;;;BG31_173;;https://art.hearthstonejson.com/v1/bgs/latest/enUS/512x/BG31_173.png;;;1;
Arm of the Empire;Arm;;;All;;3;4;4;Whenever a friendly Taunt minion is attacked, give it +3 Attack permanently.;8;8;Whenever a friendly Taunt minion is attacked, give it +6 Attack permanently.;;;;;;;;;;;;BGS_110;;https://art.hearthstonejson.com/v1/bgs/latest/enUS/512x/BGS_110.png;;;1;
Bannerboar;Boar;Quilboar;;Quilboar;;3;1;4;At the end of your turn, play a Blood Gem on adjacent minions.;2;8;At the end of your turn, play 2 Blood Gems on adjacent minions.;;;;;;;;;;;;BG20_201;;https://art.hearthstonejson.com/v1/bgs/latest/enUS/512x/BG20_201.png;;;1;
Bird Buddy;Buddy;;;Beast;;3;2;4;Avenge (1): Give your Beasts +1/+1.;4;8;Avenge (1): Give your Beasts +2/+2.;;;;;;;;;1;;;BG21_002;;https://art.hearthstonejson.com/v1/bgs/latest/enUS/512x/BG21_002.png;;;1;
Boar Gamer;Gamer;Quilboar;;Quilboar;;3;2;4;Taunt At the end of every 2 turns, get a random Choose One cards. (2 turns left!);4;8;Taunt At the end of every 2 turns, get 2 random Choose One cards. (2 turns left!);;;;1;;;;;;;;BG31_329;;https://art.hearthstonejson.com/v1/bgs/latest/enUS/512x/BG31_329.png;;;1;
Bountiful Bedrock;Bedrock;Elemental;;Elemental;;3;3;4;At the end of every 2 turns, get a random Elemental. (2 turns left!);6;8;At the end of every 2 turns, get 2 random Elementals. (2 turns left!);;;;;;;;;;;;BG30_160;;https://art.hearthstonejson.com/v1/bgs/latest/enUS/512x/BG30_160.png;;;1;
Bristling Buffoon;Buffoon;Quilboar;;Quilboar;;3;3;4;Whenever this takes damage, get a Blood Gem. (3 times per combat.) ;6;8;Whenever this takes damage, get two Blood Gems. (3 times per combat.) ;;;;;;;;;;;;BG29_160;;https://art.hearthstonejson.com/v1/bgs/latest/enUS/512x/BG29_160.png;;;1;
Cadaver Caretaker;Caretaker;Undead;;Undead;;3;3;3;Deathrattle: Summon three 1/1 Skeletons.;6;6;Deathrattle: Summon three 2/2 Skeletons.;;;1;;;;;;;;;BG30_125;;https://art.hearthstonejson.com/v1/bgs/latest/enUS/512x/BG30_125.png;;;1;
Crystal Infuser;Infuser;Quilboar;;Quilboar;;3;3;2;"Choose One - Get 3 Blood Gems; or gain 'Deathrattle: Get 2 Blood Gems.'";6;4;"Choose One - Get 6 Blood Gems; or gain 'Deathrattle: Get 4 Blood Gems.'";;;;;;;;;;;;BG31_325;;https://art.hearthstonejson.com/v1/bgs/latest/enUS/512x/BG31_325.png;;;1;
Deadly Spore;Spore;;;All;;3;1;1;Venomous;2;2;Venomous;;;;;;;1;;;;;BGS_131;;https://art.hearthstonejson.com/v1/bgs/latest/enUS/512x/BGS_131.png;;;1;
Deflect-o-Bot;Deflecto;Mech;;Mech;;3;3;2;Divine Shield Whenever you summon a Mech during combat, gain +2 Attack and Divine Shield.;6;4;Divine Shield Whenever you summon a Mech during combat, gain +4 Attack and Divine Shield.;;;;;1;;;;;;;BGS_071;;https://art.hearthstonejson.com/v1/bgs/latest/enUS/512x/BGS_071.png;;;1;
Disguised Graverobber;Graverobber;Undead;;Undead;;3;4;4;Battlecry: Destroy a friendly Undead to get a copy of it.;8;8;Battlecry: Destroy a friendly Undead to get 2 plain copies of it.;;1;;;;;;;;;;BG28_303;;https://art.hearthstonejson.com/v1/bgs/latest/enUS/512x/BG28_303.png;;;1;
Doting Dracthyr;Dracthyr;Dragon;;Dragon;;3;4;3;At the end of your turn, give your teammate's minions +1 Attack.;8;6;At the end of your turn, give your teammate's minions +2 Attack.;;;;;;;;;;;;BGDUO_107;;https://art.hearthstonejson.com/v1/bgs/latest/enUS/512x/BGDUO_107.png;;;1;1
False Implicator;Implicator;Demon;;Demon;;3;1;1;At the end of your turn, consume a minion in the Tavern to gain its stats.;2;2;At the end of your turn, consume a minion in the Tavern to gain double its stats.;;;;;;;;;;;;BG29_140;;https://art.hearthstonejson.com/v1/bgs/latest/enUS/512x/BG29_140.png;;;1;
Felemental;Felemental;Elemental;Demon;Elemental;Demon;3;3;3;Battlecy: Minions in the Tavern have +1/+1 this game.;6;6;Battlecy: Minions in the Tavern have +2/+2 this game.;;1;;;;;;;;;;BG25_041;;https://art.hearthstonejson.com/v1/bgs/latest/enUS/512x/BG25_041.png;;;1;
Floating Watcher;Watcher;Demon;;Demon;;3;4;4;Whenever your hero takes damage on your turn, gain +2/+2.;8;8;Whenever your hero takes damage on your turn, gain +4/+4.;;;;;;;;;;;;BG_GVG_100;;https://art.hearthstonejson.com/v1/bgs/latest/enUS/512x/BG_GVG_100.png;;;1;
Fountain Chiller;Chiller;Murloc;;Murloc;;3;4;4;Battlecry: Give a friendly Murloc +2/+1. (Improved by each different Bonus Keyword in your warband!);8;8;Battlecry: Give a friendly Murloc +4/+2. (Improved by each different Bonus Keyword in your warband!);;1;;;;;;;;;;BG31_145;;https://art.hearthstonejson.com/v1/bgs/latest/enUS/512x/BG31_145.png;;;1;
Gemsplitter;Gemsplitter;Quilboar;;Quilboar;;3;2;1;Divine Shield After a friendly minion loses Divine Shield, gain a Blood Gem.;4;2;Divine Shield After a friendly minion loses Divine Shield, gain 2 Blood Gems.;;;;;1;;;;;;;BG21_037;;https://art.hearthstonejson.com/v1/bgs/latest/enUS/512x/BG21_037.png;;;1;
Gentle Stag;Stag;Beast;;Beast;;3;1;5;Whenever you summon a minion in combat, give your right-most minion +1/+1 permanently.;2;10;Whenever you summon a minion in combat, give your right-most minion +2/+2 permanently.;;;;;;;;;;;;BG31_369;;https://art.hearthstonejson.com/v1/bgs/latest/enUS/512x/BG31_369.png;;;1;
Grace Farsail;Grace;Pirate;;Pirate;;3;3;4;"Choose One - Gain 2 Gold next turn; or Gain 4 Gold in two turns.";6;8;"Choose One - Gain 4 Gold next turn; or Gain 8 Gold in two turns.";;;;;;;;;;;;BG31_825;;https://art.hearthstonejson.com/v1/bgs/latest/enUS/512x/BG31_825.png;;;1;
Gritty Headhunter;Headhunter;Pirate;;Pirate;;3;4;2;Battlecry: Get a 'Marauder's Contract'.;8;4;Battlecry: Get 2 copies of 'Marauder's Contract'.;;1;;;;;;;;;;BG31_822;;https://art.hearthstonejson.com/v1/bgs/latest/enUS/512x/BG31_822.png;;;1;
Handless Forsaken;Handless;Undead;;Undead;;3;2;1;Deathrattle: Summon a 2/1 Hand with Reborn.;4;2;Deathrattle: Summon a 4/2 Hand with Reborn.;;;1;;;;;;;;;BG25_010;BG25_010t;https://art.hearthstonejson.com/v1/bgs/latest/enUS/512x/BG25_010.png;;;1;
Implant Subject;Subject;Murloc;;Murloc;;3;4;3;Stealth Whenever a friendly minion loses a Bonus Keyword in combat, gain +1/+1 permanently.;8;6;Stealth Whenever a friendly minion loses a Bonus Keyword in combat, gain +2/+2 permanently.;;;;;;;;;;;;BG31_147;;https://art.hearthstonejson.com/v1/bgs/latest/enUS/512x/BG31_147.png;;;1;
Jumping Jack;Jack;All;;All;;3;3;4;The first time this is sold, Pass it instead.;6;8;The first time this is sold, Pass it instead.;;;;;;;;;;;;BGDUO_115;;https://art.hearthstonejson.com/v1/bgs/latest/enUS/512x/BGDUO_115.png;Grafit;;1;1
Keyboard Igniter;Igniter;Demon;;Demon;;3;4;4;Battlecry: Give your other Demons +2/+2 and deal 2 damage to your hero.;8;8;Battlecry: Give your other Demons +2/+2 and deal 2 damage to your hero, twice.;;1;;;;;;;;;;BG26_522;;https://art.hearthstonejson.com/v1/bgs/latest/enUS/512x/BG26_522.png;Grafit;;1;
Lovesick Balladist;Balladist;Pirate;;Pirate;;3;3;2;Battlecry: Give a Pirate +1 Health (Improved by each Gold you spent this turn!);6;4;Battlecry: Give a Pirate +2 Health (Improved by each Gold you spent this turn!);;1;;;;;;;;;;BG26_814;;https://art.hearthstonejson.com/v1/bgs/latest/enUS/512x/BG26_814.png;;;1;
Meteorite Crasher;Meteorite;Elemental;;Elemental;;3;2;3;After you sell an Elemental, gain +3/+3.;4;6;After you sell an Elemental, gain +6/+6.;;;;;;;;;;;;BG31_843;;https://art.hearthstonejson.com/v1/bgs/latest/enUS/512x/BG31_843.png;;;1;
Monstrous Macaw;Macaw;Beast;;Beast;;3;4;3;After this attacks, trigger your left-most Deathrattle (except this minion's).;8;6;After this attacks, trigger your left-most Deathrattle twice (except this minion's).;;;;;;;;;;;;BGS_078;;https://art.hearthstonejson.com/v1/bgs/latest/enUS/512x/BGS_078.png;;;1;
Mummifier;Mummifier;Undead;;Undead;;3;5;2;Deathrattle: Give a different friendly Undead Reborn.;10;4;Deathrattle: Give 2 different friendly Undead Reborn.;;;1;;;;;;;;;BG28_309;;https://art.hearthstonejson.com/v1/bgs/latest/enUS/512x/BG28_309.png;;;1;
Orc-estra Conductor;Conductor;;;All;;3;4;4;Give a minion +2/+2 (Upgraded for each Orc-estra Conductor your team has played this game);8;8;Give a minion +4/+4 (Upgraded for each Orc-estra Conductor your team has played this game);;1;;;;;;;;;;BGDUO_119;;https://art.hearthstonejson.com/v1/bgs/latest/enUS/512x/BGDUO_119.png;;;1;1
Peggy Sturdybone;Peggy;Pirate;;Pirate;;3;2;1;After a card is added to your hand, give another friendly Pirate +1/+1.;4;2;After a card is added to your hand, give another friendly Pirate +2/+2.;;;;;;;;;;;;BG25_032;;https://art.hearthstonejson.com/v1/bgs/latest/enUS/512x/BG25_032.png;;;1;
Plunder Pal;Pal;Pirate;;Pirate;;3;2;2;At the start of your turn, you and your teammate each gain 1 Gold.;4;4;At the start of your turn, you and your teammate each gain 2 Gold.;;;;;;;;;;;;BGDUO_118;;https://art.hearthstonejson.com/v1/bgs/latest/enUS/512x/BGDUO_118.png;;;1;1
Puddle Prancer;Prancer;Murloc;;Murloc;;3;3;3;After this is Passed, gain +4/+4.;6;6;After this is Passed, gain +8/+8.;;;;;;;;;;;;BGDUO_117;;https://art.hearthstonejson.com/v1/bgs/latest/enUS/512x/BGDUO_117.png;;;1;1
Reckless Cliffdiver;Cliffdiver;Murloc;;Murloc;;3;4;1;Reborn. Has +1 Attack for each Battlecry you've triggered this game (wherever this is.);8;2;Reborn. Has +2 Attack for each Battlecry you've triggered this game (wherever this is.);;;;;;;;1;;;;BG31_142;;https://art.hearthstonejson.com/v1/bgs/latest/enUS/512x/BG31_142.png;;;1;
Refreshing Anomaly;Anomaly;Elemental;;Elemental;;3;3;4;Battlecry: Gain 2 Refreshes that cost (0).;6;8;Battlecry: Gain 4 Refreshes that cost (0).;;1;;;;;;;;;;BGS_116;;https://art.hearthstonejson.com/v1/bgs/latest/enUS/512x/BGS_116.png;;;1;
Reverber Drake;Reverber;Dragon;;Dragon;;3;2;2;Battlecry: Cast 'Echoing Roar' on a friendly Dragon.;4;4;Battlecry: Cast 'Echoing Roar' on a friendly Dragon twice.;;1;;;;;;;;;;BG31_300;;https://art.hearthstonejson.com/v1/bgs/latest/enUS/512x/BG31_300.png;;;1;
Shell Whistler;Whistler;Naga;;Naga;;3;3;2;Battlecry: Get a random Tavern spell from Tier 2.;6;4; Battlecry: Get two random Tavern spells from Tier 2.;;1;;;;;;;;;;BG26_045;;https://art.hearthstonejson.com/v1/bgs/latest/enUS/512x/BG26_045.png;;;1;
Sly Raptor;Raptor;Beast;;Beast;;3;1;2;Deathrattle: Summon a random Beast. Set its stats to 5/5.;2;4;Deathrattle: Summon a random Beast. Set its stats to 10/10.;;;1;;;;;;;;;BG25_806;;https://art.hearthstonejson.com/v1/bgs/latest/enUS/512x/BG25_806.png;;;1;
Sprightly Scarab;Scarab;Beast;;Beast;;3;2;1;"Choose One – Give a Beast +1/+1 and Reborn; or +8 Attack.";4;2;"Choose One – Give a Beast +2/+2 and Reborn; or +16 Attack.";;;;;;;;;;;;BG27_084;;https://art.hearthstonejson.com/v1/bgs/latest/enUS/512x/BG27_084.png;Ludo Lullabi;;1;
Tarecgosa;Tarecgosa;Dragon;;Dragon;;3;5;5;This permanently keeps your enchantments from combat.;10;10;This permanently doubles and keeps your enchantments from combat.;;;;;;;;;;;;BG21_015;;https://art.hearthstonejson.com/v1/bgs/latest/enUS/512x/BG21_015.png;;;1;
Technical Element;Technical;Elemental;Mech;Elemental;Mech;3;5;5;Magnetic. Can Magnetize to both Mechs and Elementals.;10;10;Magnetic. Can Magnetize to both Mechs and Elementals.;;;;;;;;;;1;;BG31_859;;https://art.hearthstonejson.com/v1/bgs/latest/enUS/512x/BG31_859.png;;;1;
The Glad-iator;Gladiator;Naga;;Naga;;3;3;3;Divine Shield. Whenever you cast a spell, gain +1 Attack.;6;6;Divine Shield. Whenever you cast a spell, gain +2 Attack.;;;;;1;;;;;;;BG27_025;;https://art.hearthstonejson.com/v1/bgs/latest/enUS/512x/BG27_025.png;;;1;
Thorned Trailblazer;Trailblazer;Quilboar;;Quilboar;;3;4;5;1 Choose One card each turn has both effects combined. (1 left!);8;10;2 Choose One cards each turn have both effects combined. (2 left!);;;;;;;;;;;;BG31_327;;https://art.hearthstonejson.com/v1/bgs/latest/enUS/512x/BG31_327.png;;;1;
Warden of Old;Warden;Naga;;Naga;;3;2;2;Spellcraft: Gain 1 Gold.;4;4;Spellcraft: Gain 2 Gold.;;;;;;;;;;;1;BGS_200;;https://art.hearthstonejson.com/v1/bgs/latest/enUS/512x/BGS_200.png;;;1;
Wheeled Crewmate;Crewmate;Pirate;;Pirate;;3;6;3;Deathrattle: Reduce the Cost of upgrading your team's Taverns by (1).;12;6;Deathrattle: Reduce the Cost of upgrading your team's Taverns by (2).;;;1;;;;;;;;;BGDUO31_207;;https://art.hearthstonejson.com/v1/bgs/latest/enUS/512x/BGDUO31_207.png;;;1;1
Wildfire Elemental;Wildfire;Elemental;;Elemental;;3;6;3;After this attacks and kills a minion, deal excess damage to an adjacent minion.;12;6;After this attacks and kills a minion, deal excess damage to both adjacent minions.;;;;;;;;;;;;BGS_126;;https://art.hearthstonejson.com/v1/bgs/latest/enUS/512x/BGS_126.png;;;1;
'Loc Prince;Prince;Murloc;;Murloc;;4;2;1;Divine Shield
dWhenever this gains stats, add +2/+1 to that amount (wherever this is).;4;2;Divine Shield
Whenever this gains stats, add +4/+2 to that amount (wherever this is).;;;;;1;;;;;;;BG29_889;;https://art.hearthstonejson.com/v1/bgs/latest/enUS/512x/BG29_889.png;;;1;
Bassgill;Bassgill;Murloc;;Murloc;;4;7;2;Deathrattle: Summon the highest Health Murloc from your hand for this combat only.;14;4;Deathrattle: Summon the 2 highest Health Murlocs from your hand for this combat only.;;;1;;;;;;;;;BG26_350;;https://art.hearthstonejson.com/v1/bgs/latest/enUS/512x/BG26_350.png;;;1;
Big Brother;Brother;Demon;;Demon;;4;5;4;Taunt After you cast a Tavern spell, minions in the Tavern have +1/+2 this turn.;10;8;Taunt After you cast a Tavern spell, minions in the Tavern have +2/+4 this turn.;;;;1;;;;;;;;BG31_870;;https://art.hearthstonejson.com/v1/bgs/latest/enUS/512x/BG31_870.png;;;1;
Blade Collector;Collector;Pirate;;Pirate;;4;3;2;Also damages the minions next to whomever this attacks.;6;4;Also damages the minions next to whomever this attacks.;;;;;;;;;;;;BG26_817;;https://art.hearthstonejson.com/v1/bgs/latest/enUS/512x/BG26_817.png;;;1;
Bream Counter;Counter;Murloc;;Murloc;;4;5;5;While this is in your hand, after you play a Murloc, gain +3/+3.;10;10;While this is in your hand, after you play a Murloc, gain +6/+6.;;;;;;;;;;;;BG26_137;;https://art.hearthstonejson.com/v1/bgs/latest/enUS/512x/BG26_137.png;;;1;
Cave Hydra;Hydra;Beast;;Beast;;4;2;4;Also damages the minions next to whomever this attacks.;4;8;Also damages the minions next to whomever this attacks.;;;;;;;;;;;;LOOT_078;;https://art.hearthstonejson.com/v1/bgs/latest/enUS/512x/LOOT_078.png;Peter Stapleton;Can be upgraded into a Cave Lurker.;1;
Clunker Junker;Junker;Mech;;Mech;;4;3;4;Battlecry: Choose a friendly Mech. Discover a Mech to Magnetize to it.;6;8;Battlecry: Choose a friendly Mech. Discover 2 Mechs to Magnetize to it.;;1;;;;;;;;;;BG29_503;;https://art.hearthstonejson.com/v1/bgs/latest/enUS/512x/BG29_503.png;;;1;
Corrupted Myrmidon;Myrmidon;Naga;;Naga;;4;2;2;Start of Combat: Double this minion's stats.;4;4;Start of Combat: Triple this minion's stats.;;;;;;;;;;;;BG23_012;;https://art.hearthstonejson.com/v1/bgs/latest/enUS/512x/BG23_012.png;;;1;
Doubloon Grifter;Grifter;Pirate;;Pirate;;4;6;6;Whenever you get 4 Pirates, increase your maximum Gold by 1. (4 left!);12;12;Whenever you get 4 Pirates, increase your maximum Gold by 2. (4 left!);;;;;;;;;;;;BG31_826;;https://art.hearthstonejson.com/v1/bgs/latest/enUS/512x/BG31_826.png;;;1;
Efficient Engineer;Engineer;Dragon;;Dragon;;4;5;6;Battlecry: Trigger a friendly minion's end of turn effects. (except Young Murk-Eye).;10;12;Battlecry: Trigger a friendly minion's end of turn effects twice. (except Young Murk-Eye).;;1;;;;;;;;;;BG31_301;;https://art.hearthstonejson.com/v1/bgs/latest/enUS/512x/BG31_301.png;;;1;
Fairy Gillmother;Gillmother;Murloc;;Murloc;;4;1;5;Taunt At the end of your turn, get a random Murloc.;2;10;Taunt At the end of your turn, get 2 random Murlocs.;;;;1;;;;;;;;BG29_029;;https://art.hearthstonejson.com/v1/bgs/latest/enUS/512x/BG29_029.png;;;1;
Fearless Foodie;Foodie;Quilboar;;Quilboar;;4;3;5;"Choose One – Your Blood Gems give an extra +1/+1 this game; or Get 4 Blood Gems.";6;10;"Choose One – Your Blood Gems give an extra +2/+2 this game; or Get 8 Blood Gems.";;;;;;;;;;;;BG30_123;;https://art.hearthstonejson.com/v1/bgs/latest/enUS/512x/BG30_123.png;;;1;
Feisty Freshwater;Freshwater;Elemental;;Elemental;;4;6;4;Deathrattle: You and your teammate each gain two Refreshes that cost (0). ;12;8;Deathrattle: You and your teammate each gain four Refreshes that cost (0). ;;;1;;;;;;;;;BGDUO_110;;https://art.hearthstonejson.com/v1/bgs/latest/enUS/512x/BGDUO_110.png;;;1;1
Fireworks Fanatic;Fanatic;;;All;;4;4;3;Whenever you get a minion you already have, give your minions +1/+1.;8;6;Whenever you get a minion you already have, give your minions +2/+2.;;;;;;;;;;;;BG25_922;;https://art.hearthstonejson.com/v1/bgs/latest/enUS/512x/BG25_922.png;;;1;
Gem Rat;Gem;Quilboar;;Quilboar;;4;4;4;At the end of your turn, get a 'Gem Day'.;8;8;At the end of your turn, get 2 copies of 'Gem Day'.;;;;;;;;;;;;BG31_326;;https://art.hearthstonejson.com/v1/bgs/latest/enUS/512x/BG31_326.png;;;1;
Gem Smuggler;Smuggler;Quilboar;;Quilboar;;4;3;4;Battlecry: Play a Blood Gem on all your other minions.;6;8;Battlecry: Play 2 Blood Gems on all your other minions.;;1;;;;;;;;;;BG25_155;;https://art.hearthstonejson.com/v1/bgs/latest/enUS/512x/BG25_155.png;Andrew Hou;;1;
Geomagus Roogug;Roogug;Quilboar;;Quilboar;;4;4;6;Divine Shield. Whenever a Blood Gem is played on this, play a Blood Gem on a different friendly minion.;8;12;Divine Shield. Whenever a Blood Gem is played on this, play 2 Blood Gems on a different friendly minion.;;;;;1;;;;;;;BG28_583;;https://art.hearthstonejson.com/v1/bgs/latest/enUS/512x/BG28_583.png;;;1;
Grave Narrator;Narrator;Undead;;Undead;;4;2;7;Avenge (3): Your teammate gets a random minion of their most common type.;4;14;Avenge (3): Your teammate gets 2 random minions of their most common type.;;;;;;;;;1;;;BGDUO_112;;https://art.hearthstonejson.com/v1/bgs/latest/enUS/512x/BGDUO_112.png;;;1;1
Grease Bot;Greasebot;Mech;;Mech;;4;2;5;Divine Shield After a friendly minion loses Divine Shield, give it +2/+1 permanently.;4;10;Divine Shield After a friendly minion loses Divine Shield, give it +4/+2 permanently.;;;;;1;;;;;;;BG21_024;;https://art.hearthstonejson.com/v1/bgs/latest/enUS/512x/BG21_024.png;;;1;
Gunpowder Courier;Courier;Pirate;;Pirate;;4;3;6;Whenever you spend 5 Gold, give your Pirates +2 Attack. (5 Gold left!);6;12;Whenever you spend 5 Gold, give your Pirates +4 Attack. (5 Gold left!);;;;;;;;;;;;BG26_810;;https://art.hearthstonejson.com/v1/bgs/latest/enUS/512x/BG26_810.png;;;1;
Hackerfin;Hacker;Murloc;;Murloc;;4;5;3;Battlecry: Give your other minions +3/+2 for each Bonus Keyword they have.;10;6;Battlecry: Give your other minions +6/+4 for each Bonus Keyword they have.;;1;;;;;;;;;;BG31_148;;https://art.hearthstonejson.com/v1/bgs/latest/enUS/512x/BG31_148.png;;;1;
Ichoron the Protector;Ichoron;Elemental;;Elemental;;4;3;1;Divine Shield Whenever you play an Elemental, give it Divine Shield until next turn.;6;2;Divine Shield Whenever you play an Elemental, give it Divine Shield until next turn.;;;;;1;;;;;;;BG31_812;;https://art.hearthstonejson.com/v1/bgs/latest/enUS/512x/BG31_812.png;;;1;
Imposing Percussionist;Percussionist;Demon;;Demon;;4;4;4;Battlecry: Discover a Demon. Deal damage to your hero equal to its Tier.;8;8;Battlecry: Discover 2 Demons. Deal damage to your hero equal to their Tiers.;;1;;;;;;;;;;BG26_525;;https://art.hearthstonejson.com/v1/bgs/latest/enUS/512x/BG26_525.png;;;1;
Lighter Fighter;Lighter;Mech;;Mech;;4;4;1;Deathrattle: Deal 4 damage to the lowest Health enemy minion twice.;8;2;Deathrattle: Deal 8 damage to the lowest Health enemy minion twice.;;;1;;;;;;;;;BG28_968;;https://art.hearthstonejson.com/v1/bgs/latest/enUS/512x/BG28_968.png;;;1;
Malchezaar, Prince of Dance;Malchezaar;Demon;;Demon;;4;5;4;2 Refreshes each turn cost Health instead of Gold. (2 left!);10;8;4 Refreshes each turn cost Health instead of Gold. (4 left!);;;;;;;;;;;;BG26_524;;https://art.hearthstonejson.com/v1/bgs/latest/enUS/512x/BG26_524.png;;;1;
Mantid King;King;;;All;;4;3;3;After your team Passes, randomly gain Venomous, Taunt, or Divine Shield until next turn.;6;6;After your team Passes, randomly gain Venomous, Taunt, or Divine Shield.;;;;;;;;;;;;BGDUO31_212;;https://art.hearthstonejson.com/v1/bgs/latest/enUS/512x/BGDUO31_212.png;;;1;1
Marquee Ticker;Ticker;Mech;;Mech;;4;1;5;At the end of your turn, get a random Tavern spell.;2;10;At the end of your turn, get 2 random Tavern spells.;;;;;;;;;;;;BG31_178;;https://art.hearthstonejson.com/v1/bgs/latest/enUS/512x/BG31_178.png;;;1;
Mirror Monster;Mirror;All;;All;;4;4;4;When you buy or Discover this, get an extra copy and Pass it.;8;8;When you buy or Discover this, get 2 extra copies and Pass them.;;;;;;;;;;;;BGDUO_108;;https://art.hearthstonejson.com/v1/bgs/latest/enUS/512x/BGDUO_108.png;;;1;1
Mythrax the Unraveler;Mythrax;;;All;;4;4;2;At the end of your turn, gain +2/+1 for each minion type you control.;8;4;At the end of your turn, gain +4/+2 for each   minion type you control.;;;;;;;;;;;;BGS_202;;https://art.hearthstonejson.com/v1/bgs/latest/enUS/512x/BGS_202.png;;;1;
Nether Drake;Drake;Dragon;;Dragon;;4;2;6;At the end of your turn, give your Dragons +1 Attack and upgrade this.;4;12;At the end of your turn, give your Dragons +2 Attack and upgrade this.;;;;;;;;;;;;BG24_003;;https://art.hearthstonejson.com/v1/bgs/latest/enUS/512x/BG24_003.png;;;1;
Nomi, Kitchen Nightmare;Nomi;;;Elemental;;4;4;4;After you play an Elemental, Elementals in the Tavern have +2/+1 this game.;8;8;After you play an Elemental, Elementals in the Tavern have +4/+2 this game.;;;;;;;;;;;;BGS_104;;https://art.hearthstonejson.com/v1/bgs/latest/enUS/512x/BGS_104.png;;;1;
Oceanfloor Rummager;Rummager;Murloc;;Murloc;;4;2;6;At the end of your turn, give your team's minions +1 Attack for each different bonus keyword in your warbands.;4;12;At the end of your turn, give your team's minions +2 Attack for each different bonus keyword in your warbands.;;;;;;;;;;;;BGDUO31_206;;https://art.hearthstonejson.com/v1/bgs/latest/enUS/512x/BGDUO31_206.png;;;1;1
Persistent Poet;Poet;Dragon;;Dragon;;4;2;3;Divine Shield. Adjacent Dragons permanently keep your enchantments from combat.;4;6;Divine Shield. Adjacent Dragons permanently keep and double your enchantments from combat.;;;;;1;;;;;;;BG29_813;;https://art.hearthstonejson.com/v1/bgs/latest/enUS/512x/BG29_813.png;;;1;
Private Chef;Chef;Naga;;Naga;;4;5;4;Spellcraft: Choose a minion. Get a different random minion of its type, then Pass it.;10;8;Spellcraft: Choose a minion. Get 2 different random minions of its type, then Pass them.;;;;;;;;;;;1;BGDUO31_209;;https://art.hearthstonejson.com/v1/bgs/latest/enUS/512x/BGDUO31_209.png;;;1;1
Prized Promo-Drake;Promo-Drake;Dragon;;Dragon;;4;3;3;Start of Combat: Give your other Dragons +3/+3.;6;6;Start of Combat: Give your other Dragons +6/+6.;;;;;;;;;;;;BG21_014;;https://art.hearthstonejson.com/v1/bgs/latest/enUS/512x/BG21_014.png;;;1;
Prosthetic Hand;Prosthetic;Undead;Mech;Undead;Mech;4;3;1;Magnetic, Reborn. Can Magnetize to Mechs and Undead.;6;2;Magnetic, Reborn. Can Magnetize to Mechs and Undead.;;;;;;;;1;;1;;BG_DEEP_015;;https://art.hearthstonejson.com/v1/bgs/latest/enUS/512x/BG_DEEP_015.png;;;1;
Rapscallion Recruiter;Recruiter;Pirate;;Pirate;;4;6;2;Deathrattle: Summon 2 Scallywags.;12;4;Deathrattle: Summon 2 Golden Scallywags.;;;1;;;;;;;;;BG26_018;;https://art.hearthstonejson.com/v1/bgs/latest/enUS/512x/BG26_018.png;Angelo Bortolini;;1;
Rylak Metalhead;Rylak;Beast;;Beast;;4;5;3;Taunt Deathrattle: Trigger the Battlecry of an adjacent minion.;10;6;Taunt Deathrattle: Trigger the Battlecries of adjacent minions.;;;1;1;;;;;;;;BG26_801;;https://art.hearthstonejson.com/v1/bgs/latest/enUS/512x/BG26_801.png;;;1;
San'layn Scribe;Scribe;Undead;;Undead;;4;4;4;Has +4/+4 for each of your team's San'layn Scribes that died this game (wherever this is).;8;8;Has +8/+8 for each of your team's San'layn Scribes that died this game (wherever this is).;;;;;;;;;;;;BGDUO31_208;;https://art.hearthstonejson.com/v1/bgs/latest/enUS/512x/BGDUO31_208.png;;;1;1
Selfless Sightseer;Sightseer;Dragon;;Dragon;;4;5;2;Battlecry: Increase your team's maximum Gold by (1).;10;4;Battlecry: Increase your team's maximum Gold by (2).;;1;;;;;;;;;;BGDUO31_205;;https://art.hearthstonejson.com/v1/bgs/latest/enUS/512x/BGDUO31_205.png;;;1;1
Shellemental;Shelly;Elemental;Naga;Elemental;Naga;4;4;4;Spellcraft: Choose a minion in the Tavern. Give its stats to a random friendly minion until next turn.;8;8;Spellcraft: Choose a minion in the Tavern. Give double its stats to a random friendly minion until next turn.;;;;;;;;;;;1;BG29_879;;https://art.hearthstonejson.com/v1/bgs/latest/enUS/512x/BG29_879.png;;;1;
Shifty Snake;Snake;Beast;;Beast;;4;6;1;Deathrattle: Your teammate gets a random Deathrattle minion.;12;2;Deathrattle: Your teammate gets 2 random Deathrattle minions.;;;1;;;;;;;;;BGDUO31_203;;https://art.hearthstonejson.com/v1/bgs/latest/enUS/512x/BGDUO31_203.png;;;1;1
Sin'dorei Straight Shot;Sin'dorei;;;All;;4;3;4;Windfury. Divine Shield. Whenever this attacks, remove Reborn and Taunt from the target.;6;8;Windfury. Divine Shield. Whenever this attacks, remove Reborn and Taunt from the target.;;;;;1;1;;;;;;BG25_016;;https://art.hearthstonejson.com/v1/bgs/latest/enUS/512x/BG25_016.png;;;1;
Slippery Slider;Slider;Naga;;Naga;;4;5;5;Spellcraft: Refresh the Tavern with an extra Tavern spell that cost (1) less.;10;10;Spellcraft: Refresh the Tavern with two extra Tavern spells that cost (1) less.;;;;;;;;;;;1;BG30_929;;https://art.hearthstonejson.com/v1/bgs/latest/enUS/512x/BG30_929.png;;;1;
Thundering Abomination;Thundering;Undead;;Undead;;4;2;6;Whenever you summon a minion in combat, give it +3/+3. If there's no space, gain +3/+3 permanently.;4;12;Whenever you summon a minion in combat, give it +6/+6. If there's no space, gain +6/+6 permanently.;;;;;;;;;;;;BG30_124;;https://art.hearthstonejson.com/v1/bgs/latest/enUS/512x/BG30_124.png;;;1;
Tortollan Blue Shell;Torto;;;All;;4;3;6;If you lost your last combat, this minion sells for 5 Gold.;6;12;If you lost your last combat, this minion sells for 10 Gold.;;;;;;;;;;;;BG24_018;;https://art.hearthstonejson.com/v1/bgs/latest/enUS/512x/BG24_018.png;;;1;
Treasure-Seeker Elise;Elise;;;All;;4;5;5;After you Refresh 5 times, find the Golden Monkey! (5 left) ;10;10;After you Refresh 5 times, find two Golden Monkeys! (5 left) ;;;;;;;;;;;;BG23_353;;https://art.hearthstonejson.com/v1/bgs/latest/enUS/512x/BG23_353.png;;;1;
Tunnel Blaster;Blaster;;;All;;4;3;7;Taunt. Deathrattle: Deal 3 damage to all minions.;6;14;Taunt. Deathrattle: Deal 3 damage to all minions twice.;;;;1;;;;;;;;BG_DAL_775;;https://art.hearthstonejson.com/v1/bgs/latest/enUS/512x/BG_DAL_775.png;Ivan Fomin;And you always thought they wore the candles just for fun.;1;
Turquoise Skitterer;Skitterer;Beast;;Beast;;4;2;4;Deathrattle: Your Beetles have +1/+2 this game. Summon a 2/2 Beetle.;4;8;Deathrattle: Your Beetles have +2/+4 this game. Summon two 2/2 Beetles.;;;1;;;;;;;;;BG31_809;;https://art.hearthstonejson.com/v1/bgs/latest/enUS/512x/BG31_809.png;;;1;
Wandering Wight;Wight;Undead;;Undead;;4;6;5;After you summon a minion in combat, give it Health equal to its Attack.;12;10;After you summon a minion in combat, give it Health equal to double its Attack.;;;;;;;;;;;;BG31_126;;https://art.hearthstonejson.com/v1/bgs/latest/enUS/512x/BG31_126.png;;;1;
Windfall Tornado;Tornado;Elemental;;Elemental;;4;4;4;When you sell this, Discover an Elemental and give it this minion's stats.;8;8;When you sell this, Discover two Elementals and give them this minion's stats.;;;;;;;;;;;;BG31_817;;https://art.hearthstonejson.com/v1/bgs/latest/enUS/512x/BG31_817.png;;;1;
Winged Chimera;Chimera;All;;All;;4;1;6;Whenever this takes damage, give a friendly minion of each type +1/+1 permanently (Twice per combat).;2;12;Whenever this takes damage, give a friendly minion of each type +2/+2 permanently (Twice per combat).;;;;;;;;;;;;BG29_844;;https://art.hearthstonejson.com/v1/bgs/latest/enUS/512x/BG29_844.png;;;1;
Archimonde;Archi;Demon;;Demon;;5;5;5;After your hero takes damage, rewind it and reduce the Cost of your next Tavern spell by (1).;10;10;After your hero takes damage, rewind it and reduce the Cost of your next Tavern spell by (2).;;;;;;;;;;;;BG31_873;;https://art.hearthstonejson.com/v1/bgs/latest/enUS/512x/BG31_873.png;;;1;
Bongo Bopper;Bopper;Quilboar;;Quilboar;;5;4;3;At the end of your turn, get 2 Blood Gems and play 2 more on this.;8;6;At the end of your turn, get 4 Blood Gems and play 4 more on this.;;;;;;;;;;;;BG26_531;;https://art.hearthstonejson.com/v1/bgs/latest/enUS/512x/BG26_531.png;;;1;
Brann Bronzebeard;Brann;;;All;;5;2;4;Your Battlecries trigger twice.;4;8;Your Battlecries trigger three times.;;;;;;;;;;;;LOE_077;;https://art.hearthstonejson.com/v1/bgs/latest/enUS/512x/LOE_077.png;Sam Nielson;Contains 75% more fiber than his brother Magni!;1;
Bristleback Knight;Knight;Quilboar;;Quilboar;;5;6;9;Windfury. Divine Shield. The first time this survives damage, gain Divine Shield.;12;18;Windfury. Divine Shield. The first two times this survives damage, gain Divine Shield.;;;;;1;1;;;;;;BG20_204;;https://art.hearthstonejson.com/v1/bgs/latest/enUS/512x/BG20_204.png;;;1;
Captain Bonerender;Bonerender;Undead;Pirate;Undead;Pirate;5;6;6;After you summon a different minion in combat, summon an extra copy of it.;12;12;After you summon a different minion in combat, summon two extra copies of it.;;;;;;;;;;;;BG31_840;;https://art.hearthstonejson.com/v1/bgs/latest/enUS/512x/BG31_840.png;;;1;
Catacomb Crasher;Crasher;Undead;;Undead;;5;5;10;Whenever you would summon a minion that doesn't fit in your warband, give your minions +1/+1 permanently.;10;20;Whenever you would summon a minion that doesn't fit in your warband, give your minions +2/+2 permanently.;;;;;;;;;;;;BG30_129;;https://art.hearthstonejson.com/v1/bgs/latest/enUS/512x/BG30_129.png;;;1;
Champion of the Primus;Champion;Undead;;Undead;;5;3;13;Avenge (3): Your Undead have +1 Attack this game (wherever they are).;6;26;Avenge (3): Your Undead have +2 Attack this game (wherever they are).;;;;;;;;;1;;;BG27_029;;https://art.hearthstonejson.com/v1/bgs/latest/enUS/512x/BG27_029.png;;;1;
Charging Czarina;Czarina;Mech;;Mech;;5;6;3;Divine Shield. Whenever you cast a Tavern spell, give your minions with Divine Shield +3 Attack.;12;6;Divine Shield. Whenever you cast a Tavern spell, give your minions with Divine Shield +6 Attack.;;;;;1;;;;;;;BG28_741;;https://art.hearthstonejson.com/v1/bgs/latest/enUS/512x/BG28_741.png;;;1;
Coast Guard;Coast;;;Pirate;;5;4;4;When you sell this, Refresh the Tavern with Pirates, then steal one.;8;8;When you sell this, Refresh the Tavern with Pirates, then steal two.;;;;;;;;;;;;BG31_827;;https://art.hearthstonejson.com/v1/bgs/latest/enUS/512x/BG31_827.png;;;1;
Cruise Controller;Controller;Pirate;;Pirate;;5;7;3;Deathrattle: For the rest of this combat, after you summon a Pirate, give it +5 Attack.;14;6;Deathrattle: For the rest of this combat, after you summon a Pirate, give it +10 Attack.;;;1;;;;;;;;;BG31_821;;https://art.hearthstonejson.com/v1/bgs/latest/enUS/512x/BG31_821.png;;;1;
Cyborg Drake;Cyborg;Mech;Dragon;Mech;Dragon;5;3;10;Divine Shield Your Divine Shield minions have +6 Attack.;6;20;Divine Shield Your Divine Shield minions have +12 Attack.;;;;;1;;;;;;;BG25_043;;https://art.hearthstonejson.com/v1/bgs/latest/enUS/512x/BG25_043.png;;;1;
Daggerspine Thrasher;Thrasher;Naga;;Naga;;5;4;8;Whenever you cast a spell, gain Divine Shield, Windfury, or Venomous until next turn.;8;16;Whenever you cast a spell, gain Divine Shield, Windfury, or Venomous.;;;;;;;;;;;;BG27_024;;https://art.hearthstonejson.com/v1/bgs/latest/enUS/512x/BG27_024.png;;;1;
Dancing Barnstormer;Barnstormer;Elemental;;Elemental;;5;5;4;Battlecry and Deathrattle: Elementals in the Tavern have +2/+2 this game.;10;8;Battlecry and Deathrattle: Elementals in the Tavern have +4/+4 this game.;;1;1;;;;;;;;;BG26_162;;https://art.hearthstonejson.com/v1/bgs/latest/enUS/512x/BG26_162.png;;;1;
Darkcrest Strategist;Strategist;Naga;;Naga;;5;4;5;Spellcraft: Get a random Tier 1 Naga. (Upgrades each turn!);8;10;Spellcraft: Get two random Tier 1 Naga. (Upgrades each turn!);;;;;;;;;;;1;BG31_920;;https://art.hearthstonejson.com/v1/bgs/latest/enUS/512x/BG31_920.png;;;1;
Drakkari Enchanter;Enchanter;;;All;;5;1;5;Your end of turn effects trigger twice.;2;10;Your end of turn effects trigger three times.;;;;;;;;;;;;BG26_ICC_901;;https://art.hearthstonejson.com/v1/bgs/latest/enUS/512x/BG26_ICC_901.png;;;1;
Dual-Wield Corsair;Corsair;Pirate;;Pirate;;5;3;5;Whenever you spend 5 Gold, give two friendly Pirates +4/+4. (5 Gold left!);6;10;Whenever you spend 5 Gold, give two friendly Pirates +8/+8. (5 Gold left!);;;;;;;;;;;;BG31_824;;https://art.hearthstonejson.com/v1/bgs/latest/enUS/512x/BG31_824.png;;;1;
Furious Driver;Driver;Demon;;Demon;;5;3;3;Battlecry: Your other Demons each consume a minion in the Tavern to gain its stats.;6;6;Battlecry: Your other Demons each consume a minion in the Tavern to gain double its stats.;;1;;;;;;;;;;BG31_874;;https://art.hearthstonejson.com/v1/bgs/latest/enUS/512x/BG31_874.png;;;1;
General Drakkisath;Drakkisath;Dragon;;Dragon;;5;2;8;Battlecry: Get a 2/1 Smolderwing with "Battlecry: Give a Dragon +5 Attack.";4;16;Battlecry: Get two 2/1 Smolderwings with "Battlecry: Give a Dragon +5 Attack.";;1;;;;;;;;;;BG25_309;;https://art.hearthstonejson.com/v1/bgs/latest/enUS/512x/BG25_309.png;;;1;
Glowscale;Glowscale;Naga;;Naga;;5;4;6;Taunt Spellcraft: Give a minion Divine Shield until next turn.;8;12;Taunt Spellcraft: Give a minion Divine Shield until next turn.;;;;1;;;;;;;1;BG23_008;;https://art.hearthstonejson.com/v1/bgs/latest/enUS/512x/BG23_008.png;;;1;
Holo Rover;Rover;Mech;;Mech;;5;4;8;Whenever this attacks, get a random Magnetic Mech.;8;16;Whenever this attacks, get 2 random Magnetic Mechs.;;;;;1;;;;;;;BG31_175;;https://art.hearthstonejson.com/v1/bgs/latest/enUS/512x/BG31_175.png;;;1;
Hunter of Gatherers;Hunter;Dragon;;Dragon;;5;3;5;Whenever this gains Attack, give your minions +2 Health.;6;10;Whenever this gains Attack, give your minions +4 Health.;;;;;;;;;;;;BG25_027;;https://art.hearthstonejson.com/v1/bgs/latest/enUS/512x/BG25_027.png;;;1;
Interrogator Whitemane;Whitemane;;;All;;5;8;5;Start of Combat: Give an enemy minion from Tier 5 or higher Taunt. It takes double damage this combat.;16;10;Start of Combat: Give two enemy minions from Tier 5 or higher Taunt. They take double damage this combat.;;;;;;;;;;;;BG24_704;;https://art.hearthstonejson.com/v1/bgs/latest/enUS/512x/BG24_704.png;;;1;
Kangor's Apprentice;Kangor's;;;Mech;;5;3;6;Deathrattle: Summon your first 2 Mechs that died this combat.;6;12;Deathrattle: Summon your first 4 Mechs that died this combat.;;;1;;;;;;;;;BGS_012;;https://art.hearthstonejson.com/v1/bgs/latest/enUS/512x/BGS_012.png;;;1;
Karmic Chameleon;Chameleon;Beast;;Beast;;5;4;6;Avenge (5): Transform into a copy if the minion to the left of this.;8;12;Avenge (5): Transform into a Golden copy if the minion to the left of this.;;;;;;;;;1;;;BG31_802;;https://art.hearthstonejson.com/v1/bgs/latest/enUS/512x/BG31_802.png;;;1;
King Bagurgle;Bagurgle;Murloc;;Murloc;;5;6;3;Battlecry: Give your other Murlocs +3/+3.;12;6;Battlecry: Give your other Murlocs +6/+6.;;1;;;;;;;;;;BGS_030;;https://art.hearthstonejson.com/v1/bgs/latest/enUS/512x/BGS_030.png;;;1;
Leeroy the Reckless;Leeroy;;;All;;5;6;2;Deathrattle: Destroy the minion that killed this.;12;4;Deathrattle: Destroy the minion that killed this.;;;1;;;;;;;;;BG23_318;;https://art.hearthstonejson.com/v1/bgs/latest/enUS/512x/BG23_318.png;;;1;
Magnanimoose;Magna;Beast;;Beast;;5;5;2;Deathrattle: Summon a copy of a minion from your teammate's warband. Set its Health to 1 (except Magnanimoose).;10;4;Deathrattle: Summon copies of 2 minions from your teammate's warband. Set their Health to 1 (except Magnanimoose).;;;1;;;;;;;;;BGDUO_105;;https://art.hearthstonejson.com/v1/bgs/latest/enUS/512x/BGDUO_105.png;;;1;1
Man'ari Messenger;Messenger;Demon;;Demon;;5;8;5;Battlecry: Minions in your team's Taverns have +1/+1 this game.;16;10;Battlecry: Minions in your team's Taverns have +2/+2 this game.;;1;;;;;;;;;;BGDUO_121;;https://art.hearthstonejson.com/v1/bgs/latest/enUS/512x/BGDUO_121.png;;;1;1
Mechanized Gift Horse;Horse;Mech;Beast;Mech;Beast;5;4;4;Deathrattle: Summon two 2/2 Mechorses with "Deathrattle: Summon a 1/1 Mechapony.";8;8;Deathrattle: Summon two 4/4 Mechorses with "Deathrattle: Summon a 2/2 Mechapony.";;;1;;;;;;;;;BG27_008;;https://art.hearthstonejson.com/v1/bgs/latest/enUS/512x/BG27_008.png;;;1;
Moonsteel Juggernaut;Juggernaut;Mech;;Mech;;5;6;6;At the end of your turn, get a 3/3 Magnetic Satellite and improve this.;12;12;At the end of your turn, get two 3/3 Magnetic Satellites and improve this.;;;;;;;;;;;;BG31_171;;https://art.hearthstonejson.com/v1/bgs/latest/enUS/512x/BG31_171.png;;;1;
Mystic Sporebat;Sporebat;Beast;;Beast;;5;8;1;Deathrattle: Get a random Tavern spell.;16;2;Deathrattle: Get 2 random Tavern spells.;;;1;;;;;;;;;BG28_900;;https://art.hearthstonejson.com/v1/bgs/latest/enUS/512x/BG28_900.png;;;1;
Nest Swarmer;Swarmer;Beast;;Beast;;5;6;6;Deathrattle: Summon three 2/2 Beetles.;12;12;Deathrattle: Summon six 2/2 Beetles.;;;1;;;;;;;;;BG31_807;;https://art.hearthstonejson.com/v1/bgs/latest/enUS/512x/BG31_807.png;;;1;
Nightbane, Ignited;Nightbane;Undead;Dragon;Undead;Dragon;5;8;6;Taunt. Deathrattle: Give 2 different friendly minions this minion's Attack.;16;12;Taunt. Deathrattle: Give 2 different friendly minions this minion's Attack, twice.;;;1;1;;;;;;;;BG29_815;;https://art.hearthstonejson.com/v1/bgs/latest/enUS/512x/BG29_815.png;;;1;
Operatic Belcher;Belcher;Murloc;;Murloc;;5;5;2;Venomous. Deathrattle: Give a friendly Murloc Venomous.;10;4;Venomous. Deathrattle: Give 2 friendly Murlocs Venomous.;;;1;;;;1;;;;;BG26_888;;https://art.hearthstonejson.com/v1/bgs/latest/enUS/512x/BG26_888.png;;;1;
Pilgrimp;Pilgrimp;Demon;;Demon;;5;3;5;1 Demon each turn costs Health instead of Gold to buy. (1 left!);6;10;2 Demons each turn costs Health instead of Gold to buy. (2 left!);;;;;;;;;;;;BG30_106;;https://art.hearthstonejson.com/v1/bgs/latest/enUS/512x/BG30_106.png;;;1;
Pokey Thornmantle;Pokey;Quilboar;;Quilboar;;5;5;6;At the start of your turn, your Blood Gems give an extra +1/+1 this game.;10;12;At the start of your turn, your Blood Gems give an extra +2/+2 this game.;;;;;;;;;;;;BG29_708;;https://art.hearthstonejson.com/v1/bgs/latest/enUS/512x/BG29_708.png;;;1;
Primalfin Lookout;Primalfin;Murloc;;Murloc;;5;3;2;Battlecry: If you control another Murloc, Discover a Murloc.;6;4;Battlecry: If you control another Murloc, Discover two Murlocs.;;1;;;;;;;;;;BGS_020;;https://art.hearthstonejson.com/v1/bgs/latest/enUS/512x/BGS_020.png;;;1;
Rodeo Performer;Rodeo;;;All;;5;3;4;Battlecry: Discover a Tavern spell.;6;8;Battlecry: Discover 2 Tavern spells.;;1;;;;;;;;;;BG28_550;;https://art.hearthstonejson.com/v1/bgs/latest/enUS/512x/BG28_550.png;;;1;
Runed Progenitor;Progenitor;Beast;;Beast;;5;2;8;Avenge (3): Your Beetles have +2/+2 this game. Deathrattle: Summon a 2/2 Beetle.;4;16;Avenge (3): Your Beetles have +4/+4 this game. Deathrattle: Summon two 2/2 Beetles.;;;1;;;;;;1;;;BG31_808;;https://art.hearthstonejson.com/v1/bgs/latest/enUS/512x/BG31_808.png;;;1;
Salty Hog;Salty;Quilboar;Murloc;Quilboar;Murloc;5;4;9;Whenever you add 3 cards to your hand, give your other minions +1/+1. (3 left!);8;18;Whenever you add 3 cards to your hand, give your other minions +2/+2. (3 left!);;;;;;;;;;;;BG31_332;;https://art.hearthstonejson.com/v1/bgs/latest/enUS/512x/BG31_332.png;;;1;
Showy Cyclist;Cyclist;Naga;;Naga;;5;4;3;Deathrattle: Give your Naga +1/+1. (Improved by every 4 spells you've cast this game!);8;6;Deathrattle: Give your Naga +2/+2. (Improved by every 4 spells you've cast this game!);;;1;;;;;;;;;BG31_925;;https://art.hearthstonejson.com/v1/bgs/latest/enUS/512x/BG31_925.png;;;1;
Sky Pirate Flagbearer;Flagbearer;Pirate;;Pirate;;5;5;5;Start of Combat: Give your Pirates "Deathrattle: Summon a Scallywag.";10;10;Start of Combat: Give your Pirates "Deathrattle: Summon a Golden Scallywag.";;;;;;;;;;;;BG30_119;;https://art.hearthstonejson.com/v1/bgs/latest/enUS/512x/BG30_119.png;;;1;
Storm Splitter;Splitter;Naga;;Naga;;5;5;5;Once per turn, after you Pass a Tavern spell, get a new copy of it.;10;10;Once per turn, after you Pass a Tavern spell, get 2 new copies of it.;;;;;;;;;;;;BGDUO_122;;https://art.hearthstonejson.com/v1/bgs/latest/enUS/512x/BGDUO_122.png;;;1;1
Stormbringer;Stormbringer;Dragon;;Dragon;;5;1;14;After a different friendly Dragon gains Attack, this also gains it.;2;28;After a different friendly Dragon gains Attack, this also gains it twice.;;;;;;;;;;;;BG26_966;;https://art.hearthstonejson.com/v1/bgs/latest/enUS/512x/BG26_966.png;;;1;
Support System;System;Mech;;Mech;;5;4;5;At the end of your turn, give a minion in your teammate's warband Divine Shield.;8;10;At the end of your turn, give 2 minions in your teammate's warband Divine Shield.;;;;;;;;;;;;BGDUO_109;;https://art.hearthstonejson.com/v1/bgs/latest/enUS/512x/BGDUO_109.png;;;1;1
Tardy Traveler;Traveler;Demon;;Demon;;5;3;6;When you sell this, get a copy of a Tavern spell in the Tavern.;6;12;When you sell this, get 2 copies of a Tavern spell in the Tavern.;;;;;;;;;;;;BG31_875;;https://art.hearthstonejson.com/v1/bgs/latest/enUS/512x/BG31_875.png;;;1;
Tichondrius;Tichondrius;Demon;;Demon;;5;3;6;After your hero takes damage, give your Demons +2/+1.;6;12;After your hero takes damage, give your Demons +4/+2.;;;;;;;;;;;;BG26_523;;https://art.hearthstonejson.com/v1/bgs/latest/enUS/512x/BG26_523.png;;;1;
Titus Rivendare;Titus;;;All;;5;1;7;Your Deathrattles trigger an extra time.;2;14;Your Deathrattles trigger 2 extra times.;;;;;;;;;;;;BG25_354;;https://art.hearthstonejson.com/v1/bgs/latest/enUS/512x/BG25_354.png;Ralph Horsley;There used to be five Horsemen but one of them left because a job opened up in the deadmines and the benefits were better.;1;
Twilight Primordium;Primordrium;Elemental;;Elemental;;5;2;2;Battlecry: Give an Elemental +2/+2. (Improved by each other minion you played this turn!);4;4;Battlecry: Give an Elemental +4/+4. (Improved by each other minion you played this turn!);;1;;;;;;;;;;BG31_813;;https://art.hearthstonejson.com/v1/bgs/latest/enUS/512x/BG31_813.png;;;1;
Well Wisher;Wisher;;;All;;5;6;6;Spellcraft: Pass a different non-Golden minion. ;12;12;Spellcraft: Pass a different non-Golden minion. ;;;;;;;;;;;1;BGDUO_120;;https://art.hearthstonejson.com/v1/bgs/latest/enUS/512x/BGDUO_120.png;;;1;1
Wisp in the Shell;Wisp;Undead;;Undead;;5;4;4;Battlecry: Give a friendly minion +2 Health. (Improved by each friendly minion that died last combat!);8;8;Battlecry: Give a friendly minion +4 Health. (Improved by each friendly minion that died last combat!);;1;;;;;;;;;;BG31_841;;https://art.hearthstonejson.com/v1/bgs/latest/enUS/512x/BG31_841.png;;;1;
Admiral Eliza Goreblade;Eliza;Pirate;;Pirate;;6;6;7;Whenever a friendly Pirate attacks, give your minions +3/+1.;12;14;Whenever a friendly Pirate attacks, give your minions +6/+2.;;;;;;;;;;;;BG27_555;;https://art.hearthstonejson.com/v1/bgs/latest/enUS/512x/BG27_555.png;;;1;
Arid Atrocity;Atrocity;All;;All;;6;6;6;Deathrattle: Summon a 6/6 Golem. (Improved by each friendly minion type that dies this combat!);12;12;Deathrattle: Summon a 12/12 Golem. (Improved by each friendly minion type that dies this combat!).;;;1;;;;;;;;;BG29_864;;https://art.hearthstonejson.com/v1/bgs/latest/enUS/512x/BG29_864.png;;;1;
Batty Terrorguard;Batty;Demon;;Demon;;6;8;4;After you cast a Tavern spell, another friendly Demon consumes a minion in the Tavern to gain its stats.;16;8;After you cast a Tavern spell, another friendly Demon consumes a minion in the Tavern to gain twice its stats.;;;;;;;;;;;;BG31_871;;https://art.hearthstonejson.com/v1/bgs/latest/enUS/512x/BG31_871.png;;;1;
Charlga;Charly;Quilboar;;Quilboar;;6;4;4;At the end of your turn, play a Blood Gem on your other minions.;8;8;At the end of your turn, play 2 Blood Gems on your other minions.;;;;;;;;;;;;BG20_303;;https://art.hearthstonejson.com/v1/bgs/latest/enUS/512x/BG20_303.png;;;1;
Choral Mrrrglr;Choral;Murloc;;Murloc;;6;6;6;Start of Combat: Gain the stats of all the minions in your hand.;12;12;Start of Combat: Gain the stats of all the minions in your hand twice.;;;;;;;;;;;;BG26_354;;https://art.hearthstonejson.com/v1/bgs/latest/enUS/512x/BG26_354.png;;;1;
Deadstomper;Stomper;Undead;Beast;Undead;Beast;6;3;11;After you summon a minion in combat, give your minions +4 Attack.;6;22;After you summon a minion in combat, give your minions +8 Attack.;;;;;;;;;;;;BG28_634;;https://art.hearthstonejson.com/v1/bgs/latest/enUS/512x/BG28_634.png;;;1;
Deathly Striker;Striker;Undead;;Undead;;6;7;7;Avenge (4): Get a random Undead. Deathrattle: Summon it from your hand for this combat only.;14;14;Avenge (4): Get two random Undead. Deathrattle: Summon them from your hand for this combat only.;;;1;;;;;;1;;;BG31_835;;https://art.hearthstonejson.com/v1/bgs/latest/enUS/512x/BG31_835.png;;;1;
Dr. Boom's Monster;Monster;Mech;;Mech;;6;2;2;Magnetic Has +2/+2 for each time you've Magnetized this game (wherever this is).;4;4;Magnetic Has +4/+4 for each time you've Magnetized this game (wherever this is).;;;;;;;;;;1;;BG31_176;;https://art.hearthstonejson.com/v1/bgs/latest/enUS/512x/BG31_176.png;;;1;
Elemental of Surprise;Surprise;Elemental;;Elemental;;6;8;8;Divine Shield This minion can triple with any Elemental.;16;16;Divine Shield This minion can triple with any Elemental.;;;;;1;;;;;;;BG26_175;;https://art.hearthstonejson.com/v1/bgs/latest/enUS/512x/BG26_175.png;;;1;
Eternal Summoner;Summoner;Undead;;Undead;;6;8;1;Reborn. Deathrattle: Summon 1 Eternal Knights.;16;2;Reborn. Deathrattle: Summon a Golden Eternal Knight.;;;1;;;;;1;;;;BG25_009;;https://art.hearthstonejson.com/v1/bgs/latest/enUS/512x/BG25_009.png;;;1;
Famished Felbat;Felbat;Demon;;Demon;;6;9;5;At the end of your turn, your Demons each consume a minion in the Tavern to gain its stats.;18;10;At the end of your turn, your Demons each consume a minion in the Tavern to gain double its stats.;;;;;;;;;;;;BG21_005;;https://art.hearthstonejson.com/v1/bgs/latest/enUS/512x/BG21_005.png;;;1;
Gentle Djinni;Djinni;Elemental;;Elemental;;6;4;5;Taunt Battlecry and Deathrattle: Get a random Elemental.;8;10;Taunt Battlecry and Deathrattle: Get two random Elementals.;;1;1;1;;;;;;;;BGS_121;;https://art.hearthstonejson.com/v1/bgs/latest/enUS/512x/BGS_121.png;;;1;
Goldrinn, the Great Wolf;Goldrinn;Beast;;Beast;;6;4;4;Deathrattle: For the rest of this combat, your Beasts have +4/+4.;8;8;Deathrattle: For the rest of this combat, your Beasts have +8/+8.;;;1;;;;;;;;;BGS_018;;https://art.hearthstonejson.com/v1/bgs/latest/enUS/512x/BGS_018.png;;;1;
Groundbreaker;Breaker;Naga;;Naga;;6;5;4;After you play a Naga, gain +1/+1. (Improved by every 4 spells you've cast this game!);10;8;After you play a Naga, gain +2/+2. (Improved by every 4 spells you've cast this game!);;;;;;;;;;;;BG31_035;;https://art.hearthstonejson.com/v1/bgs/latest/enUS/512x/BG31_035.png;;;1;
Hawkstrider Herald;Hawkstrider;Beast;;Beast;;6;6;2;Start of Combat: Trigger your two left-most Deathrattles.;12;4;Start of Combat: Trigger your two left-most Deathrattles twice.;;;;;;;;;;;;BG27_079;;https://art.hearthstonejson.com/v1/bgs/latest/enUS/512x/BG27_079.png;;;1;
Indomitable Mount;Mount;Beast;;Beast;;6;3;6;Deathrattle: Summon a random Beast from Tier 3, 4, and 5.;6;12;Deathrattle: Summon a random Golden Beast from Tier 3, 4, and 5.;;;1;;;;;;;;;BG30_105;;https://art.hearthstonejson.com/v1/bgs/latest/enUS/512x/BG30_105.png;;;1;
Kalecgos, Arcane Aspect;Kaly;Dragon;;Dragon;;6;4;12;After you trigger a Battlecry, give your Dragons +1/+2.;8;24;After you trigger a Battlecry, give your Dragons +2/+4.;;;;;;;;;;;;BGS_041;;https://art.hearthstonejson.com/v1/bgs/latest/enUS/512x/BGS_041.png;;;1;
Loyal Mobster;Mobster;Quilboar;;Quilboar;;6;6;5;At the end of your turn, play a Blood Gem on all your teammate's minions.;12;10;At the end of your turn, play 2 Blood Gems on all your teammate's minions.;;;;;;;;;;;;BGDUO31_202;;https://art.hearthstonejson.com/v1/bgs/latest/enUS/512x/BGDUO31_202.png;;;1;1
Mecha-Jaraxxus;Jaraxxus;Mech;Demon;Mech;Demon;6;3;15;Battlecry: Get a random Magnetic Mecha-Demon.;6;30;Battlecry: Get two random Magnetic Mecha-Demons.;;1;;;;;;;;;;BG25_807;;https://art.hearthstonejson.com/v1/bgs/latest/enUS/512x/BG25_807.png;;;1;
Mrglin' Burglar;Burglar;Murloc;;Murloc;;6;8;8;After you play a Murloc, give a friendly minion and a minion in your hand +4/+4.;16;16;After you play a Murloc, give a friendly minion and a minion in your hand +8/+8.;;;;;;;;;;;;BG30_122;;https://art.hearthstonejson.com/v1/bgs/latest/enUS/512x/BG30_122.png;;;1;
Nadina the Red;Nadina;;;Dragon;;6;8;4;Deathrattle: Give 3 friendly Dragons Divine Shield.;16;8;Deathrattle: Give 6 friendly Dragons Divine Shield.;;;1;;;;;;;;;BGS_040;;https://art.hearthstonejson.com/v1/bgs/latest/enUS/512x/BGS_040.png;;;1;
Nalaa the Redeemer;Nalaa;;;All;;6;5;7;Whenever you cast a Tavern spell, give a friendly minion of each type +3/+2.;10;14;Whenever you cast a Tavern spell, give a friendly minion of each type +6/+4.;;;;;;;;;;;;BG28_551;;https://art.hearthstonejson.com/v1/bgs/latest/enUS/512x/BG28_551.png;;;1;
Neon Agent;Agent;Murloc;;Murloc;;6;4;5;Divine Shield, Windfury Whenever this attacks, get a random Battlecry minion.;8;10;Divine Shield, Windfury Whenever this attacks, get a random Battlecry minion.;;;;;1;1;;;;;;BG31_146;;https://art.hearthstonejson.com/v1/bgs/latest/enUS/512x/BG31_146.png;;;1;
Nether Construct;Nether;Elemental;Demon;Elemental;Demon;6;4;4;"Choose One - Minions in the Tavern have +4/+4 this game; or Consume all minions in the Tavern to gain their stats.";8;8;"Choose One - Minions in the Tavern have +8/+8 this game; or Consume all minions in the Tavern to gain double their stats.";;;;;;;;;;;;BG31_842;;https://art.hearthstonejson.com/v1/bgs/latest/enUS/512x/BG31_842.png;;;1;
One-Amalgam Tour Group;Tour Group;All;;All;;6;6;7;Whenever you play a card, give friendly minions of its Tier or lower +1/+1.;12;14;Whenever you play a card, give friendly minions of its Tier or lower +2/+2.;;;;;;;;;;;;BG30_102;;https://art.hearthstonejson.com/v1/bgs/latest/enUS/512x/BG30_102.png;;;1;
Silivaz the Vindictive;Silivaz;Naga;;Naga;;6;5;8;Spellcraft: Discover a Tavern spell.;10;16;Spellcraft: Discover 2 Tavern spells.;;;;;;;;;;;1;BG28_405;;https://art.hearthstonejson.com/v1/bgs/latest/enUS/512x/BG28_405.png;;;1;
Slitherspear, Lord of Gains;Slitherspear;Naga;;Naga;;6;4;6;At the end of your turn, give your other Naga +1/+1. (Improved by each different spell you've cast this turn!);8;12;At the end of your turn, give your other Naga +2/+2. (Improved by each different spell you've cast this turn!);;;;;;;;;;;;BG27_083;;https://art.hearthstonejson.com/v1/bgs/latest/enUS/512x/BG27_083.png;;;1;
Spacefarer;Spacefarer;Pirate;;Pirate;;6;3;6;Whenever another friendly Pirate gains Attack, gain +3 Health.;6;12;Whenever another friendly Pirate gains Attack, gain +6 Health.;;;;;;;;;;;;BG31_820;;https://art.hearthstonejson.com/v1/bgs/latest/enUS/512x/BG31_820.png;;;1;
Tidemistress Athissa;Athissa;Naga;;Naga;;6;2;6;Whenever you cast a spell, give your Naga +1/+1.;4;12;Whenever you cast a spell, give your Naga +2/+2.;;;;;;;;;;;;BG23_013;;https://art.hearthstonejson.com/v1/bgs/latest/enUS/512x/BG23_013.png;;;1;
Transport Reactor;Reactor;Mech;;Mech;;6;1;1;Magnetic Has +1/+1 for each time your team has Passed this game (wherever this is).;2;2;Magnetic Has +2/+2 for each time your team has Passed this game (wherever this is).;;;;;;;;;;1;;BGDUO31_211;;https://art.hearthstonejson.com/v1/bgs/latest/enUS/512x/BGDUO31_211.png;;;1;1
Turbo Hogrider;Turbo;Quilboar;;Quilboar;;6;5;7;After you play Choose One card, play a Blood Gem on all your other Quilboar.;10;14;After you play Choose One card, play 2 Blood Gems on all your other Quilboar.;;;;;;;;;;;;BG31_323;;https://art.hearthstonejson.com/v1/bgs/latest/enUS/512x/BG31_323.png;;;1;
Two-Faced Doomguard;Doomguard;Demon;;Demon;;6;3;3;At the end of your turn, deal 3 damage to your hero and give your team's minions +3/+3.;6;6;At the end of your turn, deal 3 damage to your hero and give your team's minions +3/+3, twice.;;;;;;;;;;;;BGDUO31_210;;https://art.hearthstonejson.com/v1/bgs/latest/enUS/512x/BGDUO31_210.png;;;1;1
Ultraviolet Ascendant;Ascendant;Elemental;;Elemental;;6;6;3;Start of Combat: Give your other Elementals +2/+1 (Upgrades after you play an Elemental!);12;6;Start of Combat: Give your other Elementals +4/+2 (Upgrades after you play an Elemental!);;;;;;;;;;;;BG31_810;;https://art.hearthstonejson.com/v1/bgs/latest/enUS/512x/BG31_810.png;;;1;
Warpwing;Warpwing;Dragon;;Dragon;;6;12;4;Immune while attacking.;24;8;Immune while attacking.;;;;;;;;;;;;BG24_004;;https://art.hearthstonejson.com/v1/bgs/latest/enUS/512x/BG24_004.png;;;1;
Young Murk-Eye;Murk-Eye;Murloc;;Murloc;;6;9;6;At the end of your turn, trigger the Battlecry of an adjacent minion.;18;12;At the end of your turn, trigger the Battlecries of adjacent minions.;;;;;;;;;;;;BG22_403;;https://art.hearthstonejson.com/v1/bgs/latest/enUS/512x/BG22_403.png;;;1;
Arcane Behemoth;Behemoth;Elemental;;Elemental;;7;4;8;Taunt. After you sell an Elemental, gain its stats.;8;16;Taunt. After you sell an Elemental, gain double its stats.;;;;1;;;;;;;;BG31_360;;https://art.hearthstonejson.com/v1/bgs/latest/enUS/512x/BG31_360.png;;;1;
Bellowing Tyrant;Tyrant;Beast;;Beast;;7;3;2;Taunt. Has +3/+2 for each Beast you've summoned this game (wherever this is).;6;4;Taunt. Has +6/+4 for each Beast you've summoned this game (wherever this is).;;;;1;;;;;;;;BG31_361;;https://art.hearthstonejson.com/v1/bgs/latest/enUS/512x/BG31_361.png;;;1;
Captain Sanders;Sanders;Pirate;;Pirate;;7;7;7;Battlecry: Make a friendly minion Golden.;14;14;Battlecry: Make a friendly minion Golden.;;1;;;;;;;;;;BG25_034;;https://art.hearthstonejson.com/v1/bgs/latest/enUS/512x/BG25_034.png;;;1;
Champion of Sargeras;Champion;Demon;;Demon;;7;10;10;Minions in the Tavern have +10/+10.;20;20;Minions in the Tavern have +20/+20.;;;;;;;;;;;;BG27_016;;https://art.hearthstonejson.com/v1/bgs/latest/enUS/512x/BG27_016.png;;;1;
King Varian;Varian;;;All;;7;9;9;When you sell this, Discover two tier 6 minions.;18;18;When you sell this, Discover four tier 6 minions.;;;;;;;;;;;;BG27_508;;https://art.hearthstonejson.com/v1/bgs/latest/enUS/512x/BG27_508.png;;;1;
Moira Bronzebeard;Moira;;;All;;7;3;9;Your Battlecries and Deathrattles trigger twice.;6;18;Your Battlecries and Deathrattles trigger three times.;;;;;;;;;;;;BG27_518;;https://art.hearthstonejson.com/v1/bgs/latest/enUS/512x/BG27_518.png;;;1;
Obsidian Ravager;Ravager;Dragon;;Dragon;;7;7;7;Whenever this attacks, deal damage equal to its Attack to the target and an adjacent minion.;14;14;Whenever this attacks, deal damage equal to its Attack to the target and its neighbors.;;;;;;;;;;;;BG27_017;;https://art.hearthstonejson.com/v1/bgs/latest/enUS/512x/BG27_017.png;;;1;
Sandy;Sandy;;;All;;7;1;1;Start of Combat: Transform into a copy of your teammate's highest Health minion.;2;2;Start of Combat: Transform into a Golden copy of your teammate's highest Health minion.;;;;;;;;;;;;BGDUO_125;;https://art.hearthstonejson.com/v1/bgs/latest/enUS/512x/BGDUO_125.png;;;1;1
Sanguine Champion;Sanguine;Quilboar;;Quilboar;;7;18;3;Battlecry and Deathrattle: Your Blood Gems give an extra +1/+1 this game.;36;6;Battlecry and Deathrattle: Your Blood Gems give an extra +2/+2 this game.;;1;1;;;;;;;;;BG23_017;;https://art.hearthstonejson.com/v1/bgs/latest/enUS/512x/BG23_017.png;;;1;
Sea Witch Zar'jira;Zarjira;Naga;;Naga;;7;4;5;Spellcraft: Choose a different minion in the Tavern to get a copy of.;8;10;Spellcraft: Choose a different minion in the Tavern to get 2 copies of.;;;;;;;;;;;1;BG27_514;;https://art.hearthstonejson.com/v1/bgs/latest/enUS/512x/BG27_514.png;;;1;
Stitched Salvager;Salvager;Undead;;Undead;;7;20;4;Start of Combat: Destroy the minion to the left of this. Deathrattle: Resummon an exact copy of it.;40;8;Start of Combat: Destroy adjacent minions to the left of this. Deathrattle: Resummon exact copies of them.;;;1;;;;;;;;;BG31_999;;https://art.hearthstonejson.com/v1/bgs/latest/enUS/512x/BG31_999.png;;;1;
The Boommobile;Boommobile;Mech;;Mech;;7;12;12;Magnetic, Reborn, Divine Shield, Taunt, Windfury;24;24;Magnetic, Reborn, Divine Shield, Taunt, Windfury;;;;1;1;1;;1;;1;;BG27_021;;https://art.hearthstonejson.com/v1/bgs/latest/enUS/512x/BG27_021.png;;;1;
Tide Oracle Morgl;Morgl;Murloc;;Murloc;;7;1;10;Poisonous. When this attacks and kills a minion, give its maximum stats to a minion in your hand.;2;20;Poisonous. When this attacks and kills a minion, give double its maximum stats to a minion in your hand.;;;;;;;1;;;;;BG27_513;;https://art.hearthstonejson.com/v1/bgs/latest/enUS/512x/BG27_513.png;;;1;
Amalgam;Amalgam;All;;All;;1;2;2;Venomous This has all minion types.;4;4;Venomous This has all minion types.;1;;;;;;1;;;;;TB_BaconShop_HP_033t;;https://art.hearthstonejson.com/v1/bgs/latest/enUS/512x/TB_BaconShop_HP_033t.png;Christopher Hayes;;1;
Amalgam;Amalgam;All;;All;;1;50;50;;100;100;;1;;;;;;;;;;;BG28_Reward_518t;;https://art.hearthstonejson.com/v1/bgs/latest/enUS/512x/BG28_Reward_518t.png;;;1;
Baltharak;Baltharak;Mech;Demon;Mech;Demon;1;10;1;Reborn Can Magnetize to Mechs and Demons.;20;2;Reborn Can Magnetize to Mechs and Demons.;1;;;;;;;1;;;;BG25_807t3;;https://art.hearthstonejson.com/v1/bgs/latest/enUS/512x/BG25_807t3.png;;;1;
Crab;Crab;Beast;;Beast;Naga;1;3;2;;6;4;;1;;;;;;;;;;;BG27_004t2;;https://art.hearthstonejson.com/v1/bgs/latest/enUS/512x/BG27_004t2.png;Ramzy Kamen;;1;
Cubling;Cubling;Beast;;Beast;;1;0;1;Taunt;0;2;Taunt;1;;;1;;;;;;;;BG26_800t;;https://art.hearthstonejson.com/v1/bgs/latest/enUS/512x/BG26_800t.png;;;1;
Damaged Golem;Golem;Mech;;Mech;;1;2;1;;4;2;;1;;;;;;;;;;;skele21;;https://art.hearthstonejson.com/v1/bgs/latest/enUS/512x/skele21.png;Brian Despain;;1;
Deserted Golem;Golem;;;All;;1;7;7;;14;14;;1;;;;;;;;;;;BG29_864_Gt;;https://art.hearthstonejson.com/v1/bgs/latest/enUS/512x/BG29_864_Gt.png;;;1;
Devilsaur;Devilsaur;Beast;;Beast;;1;8;8;;16;16;;1;;;;;;;;;;;BG22_001t2;;https://art.hearthstonejson.com/v1/bgs/latest/enUS/512x/BG22_001t2.png;Anton Zemskov;;1;
Emperor Cobra;Cobra;Beast;;All;;1;2;3;Poisonous;4;6;Poisonous;1;;;;;;;;;;;EX1_170;;https://art.hearthstonejson.com/v1/bgs/latest/enUS/512x/EX1_170.png;Lars Grant-West;The Sholazar Basin is home to a lot of really horrible things. If you're going to visit, wear bug spray. And plate armor.;1;
Fiery Imp;Imp;Demon;;Demon;;1;3;2;;6;4;;1;;;;;;;;;;;DMF_533t;;https://art.hearthstonejson.com/v1/bgs/latest/enUS/512x/DMF_533t.png;James Ryman;;1;
Fish of N'Zoth;Fish;Beast;;All;;1;2;2;After a friendly Deathrattle minion dies in combat, gain its Deathrattle.;4;4;After a friendly Deathrattle minion dies in combat, gain its Deathrattle twice.;1;;;;;;;;;;;TB_BaconShop_HP_105t;;https://art.hearthstonejson.com/v1/bgs/latest/enUS/512x/TB_BaconShop_HP_105t.png;;;1;
Golden Monkey;Monkey;;;All;;1;6;6;Taunt;12;12;Taunt;1;;;1;;;;;;;;BG23_353_Gt;;https://art.hearthstonejson.com/v1/bgs/latest/enUS/512x/BG23_353_Gt.png;;;1;
Half-Shell;Shell;Beast;;Beast;;1;2;3;Taunt;4;6;Taunt;1;;;1;;;;;;;;BG19_010t;;https://art.hearthstonejson.com/v1/bgs/latest/enUS/512x/BG19_010t.png;Jessica Jung;;1;
Helping Hand;Hand;Undead;;Undead;;1;2;1;Reborn;4;2;Reborn;1;;;;;;;1;;;;BG25_010t;;https://art.hearthstonejson.com/v1/bgs/latest/enUS/512x/BG25_010t.png;;;1;
Hyena;Hyena;Beast;;Beast;;1;2;2;;4;4;;1;;;;;;;;;;;EX1_534t;;https://art.hearthstonejson.com/v1/bgs/latest/enUS/512x/EX1_534t.png;Andrew Robinson;;1;
Imp;Imp;Demon;;Demon;;1;1;1;;2;2;;1;;;;;;;;;;;BRM_006t;;https://art.hearthstonejson.com/v1/bgs/latest/enUS/512x/BRM_006t.png;Jaemin Kim;;1;
Magtheridon Prime;Magtheridon;Mech;Demon;Mech;Demon;1;1;10;Taunt  Can Magnetize to Mechs and Demons.;2;20;Taunt Can Magnetize to Mechs and Demons.;1;;;1;;;;;;;;BG25_807t2;;https://art.hearthstonejson.com/v1/bgs/latest/enUS/512x/BG25_807t2.png;;;1;
Mechapony;Pony;Mech;Beast;Mech;Beast;1;1;1;;2;2;;1;;;;;;;;;;;BG27_008t2;;https://art.hearthstonejson.com/v1/bgs/latest/enUS/512x/BG27_008t2.png;;;1;
Mechorse;Horse;Mech;Beast;Mech;Beast;1;2;2;Deathrattle: Summon a 1/1 Mechapony.;4;4;Deathrattle: Summon a 2/2 Mechapony.;1;;;;;;;;;;;BG27_008t;;https://art.hearthstonejson.com/v1/bgs/latest/enUS/512x/BG27_008t.png;;;1;
Microbot;Bot;Mech;;Mech;;1;1;1;;2;2;;1;;;;;;;;;;;BOT_312t;;https://art.hearthstonejson.com/v1/bgs/latest/enUS/512x/BOT_312t.png;Vladimir Kafanov;;1;
Onyxian Whelp;Whelp;Dragon;;All;;1;2;1;;4;2;;1;;;;;;;;;;;BG22_HERO_305t;;https://art.hearthstonejson.com/v1/bgs/latest/enUS/512x/BG22_HERO_305t.png;Mauricio Herrera;;1;
Ozumat's Tentacle;Tentacle;Beast;;All;;1;2;2;Taunt;4;4;Taunt;1;;;1;;;;;;;;BG23_HERO_201pt;;https://art.hearthstonejson.com/v1/bgs/latest/enUS/512x/BG23_HERO_201pt.png;;;1;
Plant;Plant;;;All;;1;1;1;;2;2;;1;;;;;;;;;;;UNG_999t2t1;;https://art.hearthstonejson.com/v1/bgs/latest/enUS/512x/UNG_999t2t1.png;Zoltan Boros;;1;
Rat;Rat;Beast;;Beast;;1;1;1;;2;2;;1;;;;;;;;;;;CFM_316t;;https://art.hearthstonejson.com/v1/bgs/latest/enUS/512x/CFM_316t.png;L. Lullabi & A. Bozonnet;;1;
Rusted Reggie;Reggie;Mech;Demon;Mech;Demon;1;5;5;Windfury Can Magnetize to Mechs and Demons.;10;10;Windfury Can Magnetize to Mechs and Demons.;1;;;;;1;;;;;;BG25_807t;;https://art.hearthstonejson.com/v1/bgs/latest/enUS/512x/BG25_807t.png;;;1;
Skeleton;Skele;Undead;;Undead;;1;1;1;;2;2;;1;;;;;;;;;;;BG_ICC_026t;;https://art.hearthstonejson.com/v1/bgs/latest/enUS/512x/BG_ICC_026t.png;;;1;
Sky Pirate;Sky Pirate;Pirate;;Pirate;;1;1;1;;2;2;;1;;;;;;;;;;;BGS_061t;;https://art.hearthstonejson.com/v1/bgs/latest/enUS/512x/BGS_061t.png;Jim Nelson;;1;
Smolderwing;Smolderwing;Dragon;;Dragon;;1;2;1;Battlecry: Give a Dragon +5 Attack.;4;2;Battlecry: Give a Dragon +10 Attack.;1;1;;;;;;;;;;BG25_309t;;https://art.hearthstonejson.com/v1/bgs/latest/enUS/512x/BG25_309t.png;;;1;
Snake;Snake;Beast;;All;;1;1;1;;2;2;;1;;;;;;;;;;;EX1_554t;;https://art.hearthstonejson.com/v1/bgs/latest/enUS/512x/EX1_554t.png;Lars Grant-West;;1;
Stone Elemental;Elemental;Elemental;;All;;1;1;1;;2;2;;1;;;;;;;;;;;BG22_HERO_001p_t1et;;https://art.hearthstonejson.com/v1/bgs/latest/enUS/512x/BG22_HERO_001p_t1et.png;;;1;
Tabbycat;Tabby;Beast;;Beast;;1;1;1;;2;2;;1;;;;;;;;;;;CFM_315t;;https://art.hearthstonejson.com/v1/bgs/latest/enUS/512x/CFM_315t.png;Anton Zemskov;;1;
Water Droplet;Droplet;Elemental;;Elemental;;1;2;2;;4;4;;1;;;;;;;;;;;BGS_115t;;https://art.hearthstonejson.com/v1/bgs/latest/enUS/512x/BGS_115t.png;Anton Zemskov;;1;
